0,社会,茨城県 新型コロナ 1人死亡 新たに34人感染確認,https://www3.nhk.or.jp/news/html/20201208/K10012752761_2012081644_2012081645_01_02.jpg,<p>茨城県は8日、新型コロナウイルスに感染していた患者1人が死亡したと発表しました。県内で死亡した人は合わせて24人となりました。また新たに34人について、新型コロナウイルスへの感染が確認されたと発表しました。これまでに県内で感染が確認された人は、累計で1878人となりました。</p>
1,社会,愛知 新型コロナ 199人感染確認 県内延べ1万1650人,https://www3.nhk.or.jp/news/html/20201208/K10012752681_2012081643_2012081643_01_02.jpg,"<p>愛知県は、県内で新たに199人が新型コロナウイルスに感染していることが確認されたと発表しました。
愛知県内で1日に発表される感染者数が100人を超えるのは15日連続です。
愛知県内で感染が確認された人は、延べ1万1650人となりました。</p>"
2,社会,宮城県 新型コロナ 17人感染確認 県内累計1336人に,https://www3.nhk.or.jp/news/html/20201208/K10012752711_2012081642_2012081643_01_02.jpg,"<p>宮城県は8日、新たに8人が新型コロナウイルスに感染していることが確認されたと発表しました。

8日は、このほか仙台市で9人の感染が発表されていて、県内の累計の感染者は1336人となりました。</p>"
3,社会,奈良 新型コロナ 新たに21人感染確認 県内計1321人に,https://www3.nhk.or.jp/news/html/20201208/K10012752641_2012081638_2012081639_01_02.jpg,"<p>奈良県と奈良市は8日、県内で新たに10代から90代までの男女、合わせて21人が新型コロナウイルスに感染していることが確認されたと発表しました。

奈良県内で感染が確認された人は、合わせて1321人になりました。</p>"
4,社会,PayPay不正アクセス 官房長官 詳細踏まえ 再発防止策求めたい,https://www3.nhk.or.jp/news/html/20201208/K10012752611_2012081633_2012081636_01_02.jpg,<p>電子決済サービス「PayPay」が不正にアクセスされ、店舗の情報などが被害を受けた可能性があると発表したことを受けて、加藤官房長官は、事実関係などを確認しているとして、結果を踏まえ再発防止策を求めていく考えを示しました。</p>
5,社会,太平洋戦争開戦79年 「赤紙」再現したチラシを配る 仙台,https://www3.nhk.or.jp/news/html/20201208/K10012752591_2012081556_2012081632_01_02.jpg,"<p>太平洋戦争の開戦から79年となる8日、仙台市では市民団体のメンバーが旧日本軍の召集令状、いわゆる「赤紙」を再現したチラシを配って平和の大切さを訴えました。</p><section><div>これは、旧日本軍がハワイの真珠湾を攻撃し太平洋戦争が始まった12月8日に合わせて、仙台市の市民団体の女性たちが毎年行っているものです。

8日は仙台市の中心部で70人余りのメンバーが「きょうは真珠湾攻撃が行われた日です。この赤紙1枚で若者たちが戦場に駆り出されました」などと呼びかけながら、旧日本軍の召集令状、いわゆる「赤紙」を再現したチラシを配りました。

チラシを受け取った40代の女性は「きょうが真珠湾攻撃の日だとは知りませんでした。何十年も前に多くの方がこういう紙1枚で命を落とされたと思うと、とても切なくなります」と話していました。

主催した「宮城県母親大会連絡会」の佐藤郁子会長（64）は「赤紙1枚で戦場に送られる時代があったことを知ってもらい、多くの方に平和について改めて考えてもらいたいです」と話していました。</div></section>"
6,社会,宮城県 新型コロナ 仙台市で新たに9人 感染確認 計1328人に,https://www3.nhk.or.jp/news/html/20201208/K10012752701_2012081625_2012081628_01_02.jpg,<p>仙台市は8日市内で新たに9人が新型コロナウイルスに感染していることが確認されたと発表しました。感染が確認されたのは20代から40代までの男女合わせて9人です。仙台市は8日午後6時から記者会見を開き、詳しい内容を説明することにしています。宮城県内で感染が確認された感染者は、すでに回復した人を含めて1328人となりました。</p>
7,社会,和歌山県 新型コロナ 新たに９人感染確認 計５１６人,https://www3.nhk.or.jp/news/html/20201208/K10012752691_2012081622_2012081626_01_02.jpg,<p>和歌山県は、8日10代から80代までの男女合わせて9人が新たに新型コロナウイルスに感染していることが確認されたと発表しました。和歌山県内で感染が確認された人は合わせて516人となりました。</p>
8,社会,EXILE関連グッズ販売サイトでカード情報流出か,https://www3.nhk.or.jp/news/html/20201208/K10012752521_2012081620_2012081624_01_02.jpg,<p>人気ダンスボーカルグループ「EXILE」などの関連グッズを販売しているオンラインショップサイトが不正アクセスを受け、4万4000件余りのクレジットカード情報が流出した可能性があると、サイトを運営する芸能事務所が発表しました。このうち、200人余りのカード情報はすでに不正に利用された可能性があるということで、警察に相談して対応を進めています。</p>
9,社会,石川県 新型コロナ 新たに5人感染確認 県内計879人,https://www3.nhk.or.jp/news/html/20201208/K10012752621_2012081615_2012081616_01_02.jpg,"<p>石川県は、県内で新たに5人が新型コロナウイルスに感染していることが確認されたと発表しました。
これで石川県内の感染確認は、合わせて879人となりました。</p>"
10,社会,英 新型コロナウイルスのワクチン接種始まる,https://www.nhk.or.jp/common/sns/img/help.png,<p>イギリスでは、アメリカの製薬大手ファイザーとドイツの企業ビオンテックが開発した新型コロナウイルスのワクチンの接種が、日本時間の8日午後、始まりました。</p>
11,社会,兵庫県 新型コロナ 3人死亡 新たに145人感染確認,https://www3.nhk.or.jp/news/html/20201208/K10012752571_2012081556_2012081604_01_02.jpg,"<p>兵庫県は8日、県内で145人が新型コロナウイルスに感染したことが新たに確認されたと発表しました。

また、治療を受けていた70代の男性2人と、90代以上の女性1人の合わせて3人の死亡が確認されたと発表しました。

県内で感染が確認された人は6692人になり、亡くなった人は102人になりました。</p>"
12,社会,大阪 吉村知事 「大阪コロナ重症センター」徐々に体制整備へ,https://www3.nhk.or.jp/news/html/20201208/K10012752501_2012081525_2012081552_01_02.jpg,<p>大阪府の吉村知事は、今月15日から運用を始める新型コロナウイルスの重症患者専用の医療施設、「大阪コロナ重症センター」について、看護師が不足していることから、準備している30床のうちまずは一部での運用とし、徐々に体制を整備していく考えを示しました。</p>
13,社会,広島 新型コロナ 新たに35人感染確認 県内延べ1166人に,https://www3.nhk.or.jp/news/html/20201208/K10012752531_2012081542_2012081548_01_02.jpg,<p>広島県は、新たに60代の県の職員が新型コロナウイルスに感染していることが確認されたと発表しました。この職員は、西部県税事務所の廿日市分室で受付や窓口の業務をしていたということです。</p>
14,社会,新型コロナ 世界の感染者6759万人 死者154万人(8日午後3時）,https://www3.nhk.or.jp/news/html/20201208/K10012752541_2012081540_2012081542_01_02.jpg,"<p>アメリカ、ジョンズ・ホプキンス大学のまとめによりますと、新型コロナウイルスの感染が確認された人は、日本時間の8日午後3時の時点で、世界全体で6759万1203人となりました。また、亡くなった人は154万4533人に上っています。</p><section><h2>感染者の多い国</h2><div>感染者が最も多いのは
▽アメリカで1494万9299人、
次いで、
▽インドが970万3770人、
▽ブラジルが662万3911人、
▽ロシアが246万6961人、
▽フランスが234万9059人です。</div></section><section><h2>死者の多い国</h2><div>亡くなった人が最も多いのも
▽アメリカで28万3703人、
次いで、
▽ブラジルが17万7317人、
▽インドが14万958人、
▽メキシコが11万74人、
▽イギリスが6万1531人となっています。</div></section>"
15,社会,水虫治療薬に睡眠導入剤成分混入 健康被害も 自主回収対象拡大,https://www3.nhk.or.jp/news/html/20201208/K10012752471_2012081535_2012081538_01_02.jpg,<p>福井県の医薬品メーカーが製造した水虫などの治療薬に、睡眠導入剤の成分が混入していた問題で、この製品を含む3種類の薬が国の承認をえない工程で製造されていたことが分かりました。福井県によりますと、混入があった薬を服用し車の運転中に意識を失った人もいるということで、メーカーは自主回収の対象を3種類の薬すべてに拡大し、絶対に服用しないよう呼びかけています。</p>
16,社会,岩手県 新型コロナ 新たに4人の感染確認 県内計224人に,https://www3.nhk.or.jp/news/html/20201208/K10012752511_2012081527_2012081528_01_02.jpg,<p>岩手県と盛岡市は、新たに40代から70代の男女4人が新型コロナウイルスに感染していることが確認されたと発表しました。県内で感染が確認されたのは224人となりました。</p>
17,社会,徳島県 新型コロナ 新たに1人感染確認 県内計187人に,https://www3.nhk.or.jp/news/html/20201208/K10012752461_2012081516_2012081527_01_02.jpg,"<p>徳島県は新たに小学生の男の子1人が新型コロナウイルスに感染していることが確認されたと発表しました。
徳島県内で感染が確認されたのは、これで187人となりました。</p>"
18,社会,静岡県 新型コロナ 1人死亡20人感染確認,https://www3.nhk.or.jp/news/html/20201208/K10012752481_2012081519_2012081526_01_02.jpg,<p>浜松市によりますと、新型コロナウイルスに感染していた高齢の患者1人の死亡が確認されました。静岡県内で亡くなった人は合わせて19人となりました。また静岡県などは、県内で新たに20人の感染が確認されたと発表しました。静岡県内での感染確認は2000人を超え、延べ2002人となりました。</p>
19,社会,労災保険 「芸能」「アニメ制作」従事者など特別加入認める,https://www3.nhk.or.jp/news/html/20201208/K10012752441_2012081507_2012081523_01_02.jpg,<p>仕事でけがをしたり病気になったりした時に治療の費用などが給付される労災保険について、厚生労働省はフリーランスとして働く人のうち、「芸能従事者」やアニメ制作に関わる人など、3つの業種について特別加入を認めることを決めました。</p>
20,気象・災害,南海トラフ巨大地震検討会「特段の変化観測されず」見解,https://www3.nhk.or.jp/news/html/20201207/K10012751051_2012071847_2012071851_01_02.jpg,<p>南海トラフで巨大地震が起きる可能性を評価する定例の検討会は、「特段の変化は観測されていない」とする見解をまとめました。</p>
21,気象・災害,災害時 避難所の混雑状況把握 スマホで可能に 神奈川 茅ヶ崎,https://www3.nhk.or.jp/news/html/20201207/K10012750691_2012071722_2012071804_01_02.jpg,<p>新型コロナウイルスの感染が拡大するなかで災害時に避難所での混雑を避けようと、神奈川県茅ヶ崎市は県内の自治体で初めて、市民がスマートフォンなどで避難所の混雑状況を把握できるシステムを導入することになりました。</p><section><h2>茅ヶ崎市防災対策課「迅速な避難と感染対策の両立が可能に」</h2><div>茅ヶ崎市防災対策課の岩井晶佳課長は「これによって迅速な避難と感染対策の両立が可能になるので、市民の皆さんに積極的に利用してほしい」と話していました。</div></section>
22,気象・災害,長野市 台風19号の被災地でイルミネーション,https://www3.nhk.or.jp/news/html/20201207/K10012749571_2012070527_2012070531_01_02.jpg,<p>去年の台風19号の豪雨災害で被災した長野市の住宅街に明かりをともそうと、街路樹のイルミネーションが始まりました。</p>
23,気象・災害,熊本豪雨から5か月 公費での建物解体 終了はわずか2件,https://www3.nhk.or.jp/news/html/20201204/K10012745091_2012032355_2012040511_01_02.jpg,"<p>7月に熊本県を襲った記録的な豪雨から4日で5か月です。半壊以上に認定された建物を自治体が解体・撤去する「公費解体」について、1300件を超える申請に対し、解体を終えたのは2件にとどまっていることが、NHKの取材でわかりました。</p><section><div>災害で被害を受けた建物の解体費用を公費で負担する「公費解体」は、り災証明書の認定で「半壊」以上とされると、市町村が所有者に代わって建物を解体します。

NHKが、被害の大きかった人吉市や球磨村など、公費解体を実施している7つの市町村に取材したところ、3日までに1330件の申請が出されているのに対し、解体に着手したのは9件、終えたのは2件にとどまっていることがわかりました。

熊本県によりますと、避難所や仮設住宅などで生活している世帯は、先月末の時点で、7つの市町村で1700世帯余りいるほか、被災した住宅で生活を続ける人も1600世帯余りに上っています。</div></section><section><div>避難生活の長期化で被災者の健康状態の悪化も懸念されていて、生活再建の基礎となる住宅の再建をスピード感を持って進めることが求められます。

公費解体の申請が530件余りと最も多い人吉市は「人手が不足しているが、申請が地区ごとにまとまり始めたため、今後、公費解体を加速させたい」としています。</div></section>"
24,気象・災害,NTT東日本が宮城 亘理町と連携 災害時の通信確保訓練,https://www3.nhk.or.jp/news/html/20201203/K10012744311_2012031825_2012032013_01_02.jpg,<p>台風や地震などで通信に障害が発生した場合に備え、大手通信会社と宮城県亘理町が訓練を行いました。</p>
25,気象・災害,熱中症対策の「熱中症警戒アラート」来年から全国運用へ,https://www3.nhk.or.jp/news/html/20201203/K10012743161_2012022225_2012030516_01_02.jpg,"<p>熱中症への対策を呼びかけている高温注意情報について気象庁と環境省は、関東甲信でこの夏、試行的に運用していた基準、「暑さ指数」を来年、全国に拡大することになりました。情報の名称は「熱中症警戒アラート」になる見込みです。</p><section><div>高温注意情報について気象庁と環境省は、熱中症に大きく影響する湿度などを反映した「暑さ指数」を使い、この夏、関東甲信を対象として試行的に情報を発表してきました。

気象庁などによりますと、情報が発表された際には熱中症の疑いで運ばれる人が多かったほか、インターネットのアンケートで、情報が発表された際は「特に意識して対応した」人が全体の8割に上ったということです。

これを受けて気象庁と環境省は2日、専門家などによる検討会を開き、「暑さ指数」による情報を来年、全国に拡大する方針を提案し、了承されました。

また名称は、試行的に使ってきた「熱中症警戒アラート」が認知されたとして、正式な名称となる見込みです。

発表される頻度は従来の高温注意情報の半分ほどになるということです。

一方、この夏、東京23区内で熱中症で死亡した200人のうち半数以上は、クーラーがあるにもかかわらず使っていなかったということで、気象庁と環境省は、高齢者に夜間などでも冷房を適切に使ってもらえるよう、呼びかけを強化することにしています。</div></section>"
26,気象・災害,柳美里さんのブックカフェ営業再開 福島 南相馬,https://www3.nhk.or.jp/news/html/20201202/K10012742191_2012021531_2012021603_01_02.jpg,"<p>先月、「全米図書賞」の翻訳文学部門に選ばれた柳美里さんが営む福島県南相馬市の書店で、新型コロナウイルスの感染拡大のため休業していたカフェが、営業を再開しました。</p><section><div>作家の柳美里さんは東日本大震災のあと移住した南相馬市小高区で営む書店に、ことし3月、カフェを併設しましたが、新型コロナウイルスの影響で翌月から休業していました。

2日、およそ7か月ぶりに営業を再開し、集まった地元の人やファンが全米図書賞を受賞した作品の感想やお祝いを伝えたり、サインをもらったりしていました。

カフェでは地元の食材を使った料理やデザート、飲み物などを提供していて、柳さんが選んだ本を読みながらゆっくりと過ごすことができます。

開店前から並んでいた南相馬市に住む80代の女性は「柳美里さんの作品で、震災のあと人が少なくなった地元を、たくさんの人に知ってもらえて勇気がわいたと、ご本人に伝えられました」と話していました。

柳美里さんは「災害や感染症の拡大などつらい状況が続いていますが、いろんな本を手に取ることができ、地元の食材をつかった温かい食事を楽しむこともできて、訪れる人が癒やされる場所であってほしいと思います」と話していました。</div></section>"
27,科学・文化,【詳報】はやぶさ2カプセル到着でプロジェクトチーム会見,https://www3.nhk.or.jp/news/html/20201208/K10012752251_2012081356_2012081426_01_02.jpg,"<p>神奈川県相模原市のJAXA宇宙科学研究所に8日午前、小惑星探査機「はやぶさ2」のカプセルが無事に運び込まれたことを受けてプロジェクトチームが記者会見を開きました。</p><section><h2>カプセルの中のガス “由来まだ分からず”</h2><div>会見の中で、事前にオーストラリアで行った簡易分析で、カプセルの中からガスが採取されたことを改めて説明しました。

そのうえで、吉川真ミッションマネージャは「ガスが小惑星『リュウグウ』由来かどうかの断定をするには至っていない。分子量は測ったが、物質の種類は今後詳しく調べたい。少なくともガスが入っていたことは事実であり、それがリュウグウのものと期待したいが、まだ何とも言えない」と述べ、現時点ではガスの由来については分からないとの認識を示し今後、詳しい分析で明らかにするとしました。</div></section><section><h2>「帰還延期も頭をよぎった」</h2><div>宇宙科学研究所の國中均所長は「3月から4月にかけて、新型コロナウイルスの影響で人の移動が制限される中、オーストラリア政府から着陸許可もおりておらず、状況が悪化すれば国境が固く閉ざされる可能性もあった。輸送する空路も見通せない状況だった。このため、はやぶさ2の軌道を操作・調整して、ことし12月の帰還を延期することも、頭の中をよぎったのは事実だ」と述べ、新型コロナウイルスの影響で帰還のスケジュール変更もあり得たことを明らかにしました。

そのうえで國中所長は「人類の活動が停滞する中だからこそ、JAXAとしては実施することを目指した」と述べ、チャーター機の用意など回収体制を整えたと話しました。</div></section><section><h2>「延期検討も不確定性高く予定どおりの帰還に」</h2><div>津田雄一プロジェクトマネージャは、新型コロナウイルスの影響でカプセルの帰還の延期も検討されたことに触れ、「技術的、物理的に延期が可能かを検討しました。その結果、1年後、2年後に帰ってくる軌道をつくることもできましたが、今まで準備した地域に着陸できるかなど課題があり、非常に不確定性が高くなることが分かりました。せっかく取ってきた星のかけらを確定的に回収できるか分からない状況になったので、予定どおりに地球に帰したいということを決めた」と述べました。</div></section><section><h2>輸送した飛行機も「はやぶさ」は完全にたまたま</h2><div>8日、羽田空港に到着したはやぶさ2のカプセルを載せた飛行機は、フランスの飛行機メーカーの「ファルコン」という名称の機体で、日本語で「はやぶさ」を意味するため、記者会見では「意識して選んだのか」との質問が出ました。

これについて津田雄一プロジェクトマネージャは「すごかったですよね。カプセルは『はやぶさ2』から、『ファルコン』に乗り換えてきた。完全にたまたまです。気を利かせてくれた方がいたのかは、少なくとも把握してません」と意外な偶然をうれしそうに話していました。</div></section>"
28,科学・文化,“受験生を応援” 大学生が合格祈願の巨大絵馬づくり 京都,https://www3.nhk.or.jp/news/html/20201208/K10012752271_2012081406_2012081424_01_02.jpg,"<p>新型コロナウイルスの感染拡大で不安を抱える受験生を応援しようと、学生グループが京都の北野天満宮に奉納する巨大な絵馬の制作を進めています。</p><section><div>合格祈願の絵馬づくりにあたっているのは京都の大学生のグループで、新型コロナウイルスの感染拡大で不安を抱える受験生を応援しようと企画しました。

大絵馬は、縦1メートル、横1.7メートルほどの大きさで、8日は下絵を描く作業にあたりました。

表には来年のえとの、うしや梅などが描かれ、裏には、全国の受験生からオンラインで募集している合格祈願のメッセージを付けるということです。

大絵馬は、学問の神様、菅原道真をまつり、毎年全国から多くの受験生が合格祈願に訪れる京都市上京区の北野天満宮に来年1月15日に奉納し、2月から4月上旬まで境内に飾られることになっています。

企画した学生グループの木村天音さんは「今の受験生は、オープンキャンパスなどにも来られなかったと思うので、合格祈願の象徴ともいえる北野天満宮さんに、私たちが思いをしっかり届けているということを知って頑張ってほしいです」と話していました。</div></section>"
29,科学・文化,コロナ 自衛隊の医官や看護師派遣 防衛相「要請で迅速に派遣」,https://www3.nhk.or.jp/news/html/20201208/K10012752151_2012081259_2012081334_01_02.jpg,<p>新型コロナウイルス対策で、岸防衛大臣は、厳しい感染状況が続いている北海道と大阪府への自衛隊派遣について、態勢を整えているとして、今後正式な要請を受けて、速やかに派遣する考えを示しました。</p>
30,科学・文化,はやぶさ2カプセル到着で会見「ここからスタート」,https://www.nhk.or.jp/common/sns/img/help.png,"<p>探査機「はやぶさ2」の、小惑星の砂が入ったとみられるカプセルが、最終目的地である神奈川県のJAXA＝宇宙航空研究開発機構の施設に運び込まれ、プロジェクトの担当者は「新しい科学がここからスタートすることになる」と今後の科学的成果に期待を述べました。</p><section><div>その後、開かれた記者会見で、宇宙科学研究所の國中均所長は「カプセルを運ぶ沿道や研究所の正門の前では多くの方々に応援をいただきありがとうございました。今後は物質を分析する段階に入りますが、科学的価値を最大限に高められるよう確実に実施していきたい」と述べました。

さらに「コロナの影響で活動が制限され、帰還を延期することも頭をよぎった。しかし、チャーター機を使ってでも帰還を成功させ、人類の活動を止めないという意気込みを見せ、結果として成功することができた」と難しい局面があったことを振り返りました。

また、「はやぶさ2」の津田雄一プロジェクトマネージャは「カプセルを出迎えたが、実感がふつふつとわき心に迫るものがあった。たくさんの皆様に迎えていただきありがとうございました。本当に帰ってきてよかったです。新しい科学がここからスタートすることになるが貢献できてよかったです」と今後の科学的成果に期待を述べました。

また、地球外物質研究グループの臼井寛裕グループ長は「沿道から声援があり、国民の期待だと受け止めている。ここまでは1万点とされているが、今後は2万点、3万点にしたい」とこれからはじまる分析にむけて意気込みを語るとともにふたを開けて中身を確認するのは、来週以降になる見込みだと話しました。

さらに吉川真ミッションマネージャは、ここまでミッションが極めて順調だったと振り返り、現地でカプセル内部のガスの分析をしたことについて「ガスは検出されたので小惑星の由来であることを期待したい」と試料が入っていることに期待感を示しました。</div></section>"
31,科学・文化,世界遺産 法隆寺でお身拭い 奈良 斑鳩町,https://www3.nhk.or.jp/news/html/20201208/K10012752071_2012081223_2012081305_01_02.jpg,"<p>世界遺産・奈良の法隆寺で、新年を前に仏像に積もったこの1年のほこりを落とす「お身拭い」が行われました。</p><section><div>奈良県斑鳩町の世界遺産、法隆寺では、仏像に清らかな姿で新年を迎えてもらおうと、毎年この時期に「お身拭い」を行っています。

8日は、10人の僧侶が国宝の「金堂」に入り、安置されている仏像を前にお経を唱えました。</div></section><section><div>このあと、マスク姿の僧侶たちは、本尊で国宝の「釈迦三尊像」や「薬師如来坐像」などの仏像に積もったほこりを、はけやはたきで丁寧に払い落としていました。

参拝していた人たちは、作業の様子を眺めたり、仏像に向かって手を合わせたりしていました。

栃木県から来た70代の男性は「お身拭いは初めて見ました。心が洗われるような気持ちになりました」と話していました。

法隆寺の古谷正覚住職は「ことしのほこりを払って新年を迎える準備が無事できました。新型コロナが収まるように常に願っていますが、改めて来年こそは感染症が収まるよう、気持ちを込めました」と話していました。</div></section>"
32,科学・文化,ボブ・ディランさん全作品を米音楽会社に売却 3億ドル以上か,https://www3.nhk.or.jp/news/html/20201208/K10012752011_2012081233_2012081233_01_02.jpg,<p>アメリカのシンガーソングライターで、ノーベル文学賞を受賞したボブ・ディランさんが、これまで手がけてきた600余りの曲すべてを、アメリカにある音楽会社に売却し、現地のメディアは価格は3億ドル以上、日本円で300億円を超えるという見方を伝えています。</p>
33,科学・文化,75歳以上医療費2割負担 公明 山口代表“政府が案を示すべき”,https://www.nhk.or.jp/common/sns/img/help.png,"<p>75歳以上の医療費の窓口負担を2割に引き上げる方針をめぐり、公明党の山口代表は、対象を年収240万円以上にするよう求めていることについて、「最大限の譲歩のつもりで提案した」と述べ、政府側が合意できる案を示すべきだという考えを示しました。</p><section><h2>自民 二階幹事長「慎重に議論 見守っていく」</h2><div>自民党の二階幹事長は、記者会見で「財源的な問題もあるし、国民生活にとって大きな課題なので、慎重に議論しているところだが、ほどなく決着がつくと思うので、見守っていきたい」と述べました。

一方、公明党の山口代表が「政府側がどのように意思決定をしていくのか、見えないところが協議が進展しない要因だ」と指摘したことについて、二階氏は「それは山口氏の判断だろうが、われわれは必ずしもそう思っているわけではない」と述べました。</div></section><section><h2>自民 下村政調会長「来週火曜日の閣議に間に合うよう」</h2><div>自民党の下村政務調査会長は、政務調査会の会合で「自民党と公明党の協議がまだ整っていないが、早めに協議を調え、来週火曜日の閣議に間に合うよう、最大限、汗をかいていきたい」と述べ、来週15日の閣議決定に向けて合意を目指す考えを示しました。</div></section><section><h2>自民 佐藤総務会長「自公で納得いくまで議論を」</h2><div>自民党の佐藤総務会長は、記者会見で「自民・公明両党で、納得がいくまでしっかり歩み寄るための議論が必要だ。じっくり話し合って合意を得られるようにしてもらいたい」と述べました。</div></section><section><h2>加藤官房長官「合意形成に向け協議深めたい」</h2><div>加藤官房長官は閣議のあとの記者会見で、「まさに今、政府・与党において最終的な調整を行っているところであり、合意の形成に向けてしっかり協議を深めていきたい。具体的な日程などについて決まっているものはない」と述べました。</div></section><section><h2>田村厚労相「精力的に議論 注視する」</h2><div>田村厚生労働大臣は、閣議のあとの記者会見で、「自民・公明両党の間で意見を交わしていると認識している。政府としては、若い人たちの負担の上昇を抑えていくという意味で、高齢者にも、負担能力のある人には2割負担をお願いしており、最終的にはどこかで合意してもらえるものと考えている。これからも両党で精力的に議論してもらうと思うので、注視しながら、場合によっては、政府もその中でいろんな議論をさせてもらいたい」と述べました。</div></section>"
34,科学・文化,はやぶさ2カプセル 神奈川 相模原のJAXA施設に到着,https://www.nhk.or.jp/common/sns/img/help.png,"<p>探査機「はやぶさ2」の、小惑星の砂が入ったとみられるカプセルは、最終目的地である神奈川県相模原市のJAXA＝宇宙航空研究開発機構の施設にトラックで到着しました。</p><section><div>そして、トラックに積み替えられ、最終目的地である神奈川県相模原市のJAXA宇宙科学研究所に午前10時半すぎに到着しました。

トラックが到着すると、関係者が出てきて手を上げたり、拍手したりしたほか、「大漁」と記された大きな旗を手に記念撮影をするなどして喜んでいました。</div></section><section><div>そして、荷台からカプセルが入った金属製のケースが慎重に運びだされ、建物の中に運び込まれていました。

研究所には専用の施設が設けられていて、外気に触れることなく中のサンプルを取り出したり、顕微鏡や機器で分析したりできるようになっています。

プロジェクトチームは記者会見を開いて、カプセルの状態などについて説明する方針です。

カプセルのふたが開けられるのは今月中旬になると見られ、半年ほどかけて試料の記録をとり、来年の6月ごろから本格的な分析を行うことになっています。</div></section><section><h2>研究所に続く沿道にも多くの人が</h2><div>研究所に続く沿道には一般の人たちが集まり、「おかえりなさい」などと書かれた手作りの横断幕やボードを掲げトラックの到着を待ちました。

そして午前10時半ごろ、カプセルを積んだとみられるトラックが姿を見せると集まった人は写真を撮りながら「おかえり」と拍手をして迎えました。

トラックはそのまま研究所内に入り、専用施設の近くに停車すると、連絡を受けたプロジェクトチームのメンバーらが走って駆けつけました。

そして、トラックの前に並んで、バンザイと叫んだり、拍手をしたりして、カプセルの帰還を喜んでいました。</div></section><section><div>近くの商店街の会長の萩生田康治さんは「6年間、このときを待っていました。地域も1つになって盛り上がっています」と話していました。

また、長年、商店街の中心となって応援してきたという茅明夫さんは「感激で泣きそうです。はやぶさ2が生きがいになっていました。地元でカプセルが公開されたら、ご苦労さんと声をかけたい」と話していました。</div></section><section><h2>JAXA 津田プロジェクトマネージャ「開けるの楽しみ」</h2><div>カプセルが入った金属製のケースがトラックから研究所の建物に運び込まれたあと、JAXAの津田雄一プロジェクトマネージャは報道陣の取材に応じ「本当にうれしいです。ほかの星に行って、帰ってきてくれた。きょうは予定どおり搬入できてよかったです。カプセルが目の前にあって本当に夢みたいで中を開けるのが楽しみです」と喜びを語っていました。

また、はやぶさ2にどんなことばをかけますかと記者から質問されると「よく頑張ってくれて、まだこれからも頑張ろうねと伝えたいです。はやぶさ2は次の小惑星に向けてすでに地球を離れていて、2027年には地球スイングバイで、地球の近くを通り過ぎます。はやぶさ2に地球を見せることができるかもしれないし、星空の中にはやぶさ2を見ることができるかもしれません」と話していました。

また、今後については「こうした経験を生かしてもっとすごい、おもしろい宇宙技術を考えていきたい」と抱負を述べました。</div></section>"
35,科学・文化,新型コロナワクチンの接種 イギリスで8日から開始へ,https://www.nhk.or.jp/common/sns/img/help.png,"<p>イギリスでは、アメリカの製薬大手ファイザーなどが開発した新型コロナウイルスのワクチンの接種が8日から始まります。接種が行われる病院では、準備作業が進められています。</p><section><h2>接種予定の男性「機会に恵まれありがたい」</h2><div>ワクチンの接種を受けることになっているという87歳の男性は、「普通ではない危機的な状況が続き、本当に心配だった。人々が病気になり、亡くなり、何が起こっているのかわからなかった。ワクチンによってこの状況の終わりがみえてきたことにほっとしている」と話しました。

そのうえで、「ワクチン接種の機会に恵まれたことをありがたく思っている。緊張もしていないし、心配もしていない」と期待感を示しました。</div></section>"
36,科学・文化,「はやぶさ2」カプセル 今朝 羽田空港に到着,https://www3.nhk.or.jp/news/html/20201208/K10012751331_2012080722_2012080723_01_02.jpg,"<p>日本の探査機「はやぶさ2」の、小惑星の砂が入っているとみられるカプセルを積んだトラックは羽田空港を出発しました。この後、最終目的地となる神奈川県相模原市のJAXA宇宙科学研究所に運び込まれる予定です。</p><section><div>探査機「はやぶさ2」のカプセルは、おととい（6日）オーストラリアの砂漠地帯で回収され、ガスの分析などをしたうえで、飛行機でオーストラリアを出発し、8日午前7時すぎに羽田空港に到着しました。</div></section><section><div>そして、カプセルが入ったとみられる金属製のケースをトラックに積み替え、羽田空港を出発しました。</div></section><section><div>カプセルはこの後、トラックで、最終目的地となる、神奈川県相模原市のJAXA宇宙科学研究所に運び込まれる予定です。

一連の作業を終えた後にプロジェクトチームは記者会見を開くことにしていて、カプセルの状態やガスの分析結果などについて説明する方針です。

カプセルには小惑星の砂が入っているとみられていて、今月中旬にふたが開けられ、半年ほどかけて試料の記録をとり、本格的な分析は来年の6月頃から行うことになっています。</div></section>"
37,科学・文化,リュウグウの“砂”分析する研究者「人類扱ったことないもの」,https://www3.nhk.or.jp/news/html/20201207/K10012751211_2012072037_2012072151_01_02.jpg,"<p>日本の探査機「はやぶさ2」の小惑星の砂が入っているとみられるカプセルが、8日朝にも日本に到着するのを前に、砂の分析を行うことになっている愛知県岡崎市の分子科学研究所の研究者は「人類が扱ったことがないものを扱うことがとても楽しみで興奮しています」と期待を話しています。</p><section><div>愛知県岡崎市にある分子科学研究所の大東琢治助教は、強力なX線を使った顕微鏡で、ごく小さな物質を調べる研究をしていて、今回、「はやぶさ2」のカプセルに入っているとみられる砂の分析を行うことになっています。

5年ほど前から分析チームの一員として「リュウグウ」の岩石に含まれる有機物の分子構造を調べるため準備を進めていて、小さな試料を壊すことなく、空気に触れず宇宙に近い状態で観察するため、新たに器具を開発しました。

さらに南極の隕石（いんせき）を使って分析の手順も繰り返し確認しています。

分析するのは来年夏の予定で、大東さんは「人類が全く扱ったことがないものを扱うことが非常に楽しみであり、そこから何が見えるのかとても楽しみで興奮しています」と話していました。</div></section>"
38,科学・文化,西村経済再生相 大阪と北海道に医師や看護師ら順次派遣,https://www3.nhk.or.jp/news/html/20201207/K10012751101_2012071920_2012071921_01_02.jpg,<p>西村経済再生担当大臣は記者会見で、現在の感染状況について、「引き続き高い水準で陽性者が報告され、入院者数、重症者数も増加が続いてる。いくつかの地域で病床の占有率がかなり高い数字になり、医療提供や公衆衛生の体制への負荷が増大している。強い危機感を持って、都道府県と緊密に連携しながら、病床や人員の確保に全力を挙げている」と述べました。</p>
39,科学・文化,大阪 コロナ受け入れ病棟の看護師「軽く考えず 外出控えて」,https://www.nhk.or.jp/common/sns/img/help.png,<p>新型コロナの患者を受け入れる大阪市内の病院に勤務する看護師の女性がNHKの取材に応じ、感染者の急増で医療現場はひっ迫する中、新たな患者を出さないことが何より大切だとして「コロナを軽く考えず、不要不急の外出を控えてほしい」と訴えました。</p>
40,科学・文化,北海道 奥尻島 新型コロナ 島民50人に1人の割合で感染,https://www3.nhk.or.jp/news/html/20201207/K10012750721_2012071735_2012071739_01_02.jpg,"<p>新型コロナウイルスの感染が拡大している北海道の奥尻島では、これまでに53人の感染が確認されています。およそ2500人が暮らす島で、50人に1人の割合で感染が広がっている状況に、奥尻町は、島民に不要不急の外出を控えるよう要請するなど、危機感を強めています。</p><section><h2>江差町の病院 奥尻島の患者増で受け入れ限界</h2><div>奥尻島で感染した患者を受け入れている江差町の道立江差病院では、島の感染者の増加で受け入れが限界に近づいているということです。

このため一部の患者は函館市などに搬送されているということで、島の感染拡大が北海道南部の医療全体にも影響を及ぼしています。

奥尻島の感染者のうち軽症や中等症の患者は、入院する医療機関などを保健所から事前に指定されますが、多くは江差町の道立江差病院に入院するということです。

道立江差病院は感染の拡大を受けて1つの病棟を感染者の専用にしましたが、病院によりますと一時病床が満床近くになるなど、島での感染拡大に伴って受け入れが限界に近づいているということです。

このため保健所では、島で感染した患者について北海道南部の別の医療機関や函館市に11月に開設された宿泊療養施設に入るように調整しているということです。

道立江差病院は「病院の医療従事者だけでは対応が限界に近づいているため、保健所などには今の状況の中で対応できる人数を日々伝えている。今後感染が拡大し、これ以上の患者を受け入れざるをえない場合は、外来診療を中止することも検討しなければならない」と話しています。</div></section><section><h2>函館市医師会長 感染拡大に危機感</h2><div>奥尻島の感染拡大で患者が函館市などの医療機関にも搬送されていることについて、函館市医師会の本間哲会長は、北海道南部ではまだ医療機関の病床がひっ迫している状況ではないとしながらも、今後の感染拡大に危機感を抱いています。

北海道南部では現在、新型コロナウイルスに感染した患者は5つの医療機関で受け入れていて、このうち重症者は市立函館病院で、軽症や中等症の患者は道立江差病院などで受け入れているほか、函館市には宿泊療養施設が開設されています。

本間会長は「奥尻島を除くと北海道南部の全体で感染者はそれほど増加しておらず、宿泊療養施設もあり、病床がひっ迫している状況ではない」と話しています。

一方で、「もし函館市でクラスターが発生するなどして感染者が急激に増加すると、宿泊療養施設もいっぱいになり、パニックになる可能性は出てくる」と指摘しています。

そのうえで「今後の感染拡大に備えて、感染した患者を受け入れている5つの病院の負担を軽減するため、新型コロナ以外の重症患者をほかの医療機関に転院させるなどして、医療体制を整える必要がある」と話しています。</div></section>"
41,科学・文化,東大元学長の有馬朗人さん死去 90歳,https://www.nhk.or.jp/common/sns/img/help.png,"<p>物理学者で、東京大学の学長や文部大臣などを歴任した有馬朗人さんが亡くなりました。90歳でした。</p><section><div>有馬さんは昭和5年、大阪市生まれで、昭和28年に東京大学理学部を卒業し、その後東京大学の教授となり、平成元年から学長を務めたほか、平成5年からは理化学研究所の理事長も務めました。

原子核物理学の研究で優れた業績をあげ、平成5年に「日本学士院賞」を受賞したほか、平成10年にはフランスで最も名誉ある国家勲章「レジオン・ドヌール勲章」を受けています。

また、平成10年に参議院議員選挙で初当選し、文部大臣や科学技術庁長官を務めたほか、日本科学技術振興財団の会長などを歴任し、日本の科学技術の振興や教育改革などに取り組みました。

平成16年に文化功労者に選ばれたほか、平成22年には文化勲章を受章しています。

平成18年からは中高一貫校や大学を運営する武蔵学園の学園長を、平成22年からは静岡文化芸術大学の理事長を務め、平成27年からは安全管理上の問題が相次いだ高速増殖炉「もんじゅ」について議論するために設置された文部科学省の検討会で座長を務めました。

また、俳人としても知られ、句誌「天為」を主宰していたほか、平成29年の句集「黙示」などで毎日芸術賞を受賞しています。

平成29年には世界の伝統文化などを保護するユネスコの無形文化遺産として、新たに「俳句」の登録を目指そうと、協議会を設立しました。

一方、有馬さんは平成17年の新聞社への寄稿で、「物理学者としてノーベル賞を受賞してこそ認められるが、研究以外のいろいろなことをやり学問を究められなかった」と振り返っていて、政治や行政に携わったことは「人生の痛恨事」だったと語っています。

関係者によりますと7日午前、東京・世田谷区の自宅で倒れているのが見つかり、その後、死亡が確認されたということです。</div></section><section><h2>原子核物理学の研究者</h2><div>有馬朗人さんは原子核物理学の研究者で、原子力行政に深く関わったほか、臨界事故の対応などにも当たりました。

有馬さんは、将来にわたってエネルギーを確保していくには、使用済みの核燃料を再処理して何度も利用する「核燃料サイクル政策」が欠かせないとし、政策の中核的な施設として開発された高速増殖炉「もんじゅ」などに関わってきました。

平成11年には科学技術庁長官として、ナトリウム漏れ事故で「もんじゅ」が長期停止する中、運転再開に向けて取り組み、現地を訪れた際には「高速増殖炉は、日本が世界に誇れる最先端の技術であり、21世紀の日本のエネルギーを確保していくうえでも、できるだけ早期に運転を再開したい」と述べ、地元、福井県の知事に理解や協力を求めていました。

平成27年からは、安全管理上の問題が相次いだ「もんじゅ」の運営を立て直すため、文部科学省が設けた検討会で半年間、座長を務めました。

平成28年5月の最後の会合で報告書が取りまとめられた際、有馬さんは「将来の日本のエネルギー、人類のエネルギーをどうするのか、きちんと考えていくべきだ。新エネルギー、再生可能エネルギーの必要性は十分あるわけだが、同時に原子力などの新しい技術を国を挙げてしっかり検討をしてほしい」と要望していました。

ただ「もんじゅ」は、その後、相次ぐトラブルやコストを理由に、政府が廃炉を決めました。

有馬さんは、科学技術庁長官だった平成11年9月に、茨城県東海村にある核燃料加工会社「ジェー・シー・オー」で起きた臨界事故で当初、対応にも当たりました。

事故の8日後には村長に対して、国が得た事故に関する情報を十分伝えられなかったことや、科学技術庁として、事前の審査が甘かったことなどを陳謝しました。

この事故では、2人の作業員が大量の被ばくで亡くなったほか、周辺の住民など600人以上が被ばくするなどしていて、当時、国内最悪の原子力事故とも呼ばれました。

また、平成23年に起きた福島第一原発の事故のあとは、有馬さんは政府へ提言する活動などを行い、この中で福島の復興と廃炉に全力を尽くすとともに、徹底した安全性の確保を前提に、原発を再稼働することを訴えていました。

有馬さんはNHKの取材に対して、高速増殖炉や再処理工場といった核燃料サイクルの中核施設が行き詰まっていることに触れ、経済産業省や文部科学省など、政府が具体的に進めなければ、開発が進む中国やロシアなどと比べて原子力技術の後進国となるおそれもあると懸念を示していました。

そのうえで有馬さんは、原発事故の反省を踏まえ、将来の世代のためにエネルギーをどうするかや、原発から出る廃棄物処分の問題をどうするのかなどについて、自分たちの世代が考えて進めていく責任があるとしていました。</div></section><section><h2>原子力規制委 田中初代委員長「臨界事故で落ち着いて対応」</h2><div>原子力規制委員会の初代委員長を務めた田中俊一さんは「戦後、日本が原子力利用を推進しようと動いてきた中、いろいろな立場で支えてきた方だった。もともと有馬さんが専門とする原子核物理学と、原子力を広く利用研究しようという学問の間には、研究者どうしに壁があったが、それを乗り越えて発展させようとする道を作ってきた」と振り返りました。

茨城県東海村の事故対応について、田中さんは「私も専門家のひとりとして事故の収束に臨んだが、施設の周辺に影響を与えるようなとても大きな事故で、現場は非常にばたついていた。そうした状況にあっても落ち着いて状況を科学的に分析し、対応していたのを覚えている」と話していました。</div></section>"
42,科学・文化,入院時「陰性」患者から感染しクラスター発生か 札幌の病院,https://www.nhk.or.jp/common/sns/img/help.png,"<p>新型コロナウイルスの感染が急速に広がっている札幌市。クラスターが発生した地域の基幹病院「北海道医療センター」がNHKの取材に応じ、入院するときに行った検査では「陰性」だった患者から感染が広がった可能性が高いとする調査結果を明らかにしました。センターは「検査で陰性でも感染していないという証明にはならない」として、院内に感染者がいる前提で対策に取り組む必要があると強調しています。</p><section><div>札幌市にあるベッド数672床の「北海道医療センター」は、ことし2月以降、感染者を180人以上受け入れてきましたが、11月、クラスターが発生し、患者や看護師など合わせて16人が感染しました。

センターでクラスターの調査と封じ込めにあたった小谷俊雄医師がNHKの取材に応じ、入院するときに行ったPCR検査では「陰性」だった1人の患者から感染が広がったとみていることを明らかにしました。</div></section><section><div>小谷医師によりますと、この患者はことしの10月下旬に別の病気で入院し、2日後に退院しました。そのおよそ10日後の11月6日、この患者を担当した看護師2人が「胃がむかむかする」といった体調の異常を訴え、PCR検査を受けた結果、「陽性」と判明しました。

退院した患者もその後、感染が確認され、センターでは、この患者が10月下旬に入院したときにはすでにウイルスに感染していて、院内に広がった可能性が高いとみています。

小谷医師は「このウイルスが難しいのは、潜伏期間が2日から2週間ほどと非常に長いことだ。入院時などの早い段階の検査で陰性でも感染していないという証明にはならない」と話しています。

センターの菊地誠志院長は「水際対策をすれば万全だと思うと、落とし穴がある。ウイルスは必ず入ってくるという前提で対応を考えないと、われわれのようにクラスターは起きる」と指摘し、院内に感染者がいる前提で対策に取り組む必要があると強調しました。</div></section><section><h2>これまでにない勢いで増える 「クラスター」の発生</h2><div>新型コロナウイルスの感染者の集団＝「クラスター」の発生がこれまでにない勢いで増えています。
11月末までのおよそ1か月間で確認されたクラスターなどは800件余りと前の月の3倍近くに上りました。

このうち医療機関での発生は100件を超え、地域の医療体制への影響が懸念されています。

厚生労働省は、毎週、報道などをもとに▽自治体がクラスターと認定した事例や、▽2人以上が感染した事例をまとめています。</div></section><section><div>11月末までのおよそ1か月間に全国で確認されたクラスターなどは合わせて814件に上り、295件だったその前のおよそ1か月間の2.8倍に増えました。

このうちとくに懸念されているのが地域の医療提供体制に重大な影響が生じる医療機関での発生です。

医療機関でのクラスターなどは11月末までのおよそ1か月間で合わせて105件と、31件だったそれまでの1か月間と比べて3.4倍となっています。

厚生労働省は感染が拡大している地域にクラスター対策の専門家を派遣するなどして、自治体による封じ込めを支援しています。</div></section><section><h2>「北海道医療センター」クラスター 詳細</h2><div>「北海道医療センター」でクラスターの封じ込めと感染経路の調査にあたった小谷俊雄　医師は、新型コロナウイルスの潜伏期間が、最初の感染者の把握を難しくしたと指摘します。</div></section><section><div>小谷医師がクラスターの発生を疑うきっかけとなったのは、11月6日、休暇中の看護師2人からの体調の異常を訴える連絡でした。

2人は同じ病棟で勤務していて、連絡の4日前の先月2日から休暇をとっていましたが、1人は、「微熱とせきがある」と話し、もう1人は、「胃がむかむかする」と訴えました。

このうち、微熱とせきがあった看護師が、連絡があった翌日の11月7日に「嗅覚に異常がある」と新たに訴えたため、小谷医師は、新型コロナウイルスの感染を強く疑うようになります。

そして、この看護師と胃の異常を訴えた看護師にPCR検査を行ったところ、2人ともに感染が確認され、さらに、▼この2人と接触した患者と▼同じ病棟で体調に少しでも異常があるスタッフなど、合わせて16人のうち7人が、検査で「陽性」となりました。

病棟で一定程度、感染が広がっていると疑うようになった小谷医師は、▼病棟のすべてのスタッフと、▼接触の可能性がある患者を、退院した人も含めて洗い出し、検査することを決めます。

このときに強く意識させられたのは、新型コロナウイルスの潜伏期間だといいます。

検査のタイミングによっては、感染していても「陰性」と出る可能性があるということで、それぞれのスタッフや患者が看護師2人と接触した日などから、検査を行う最も適切なタイミングを割り出していきました。

その過程で、潜伏期間から逆算すると最も早い時期に感染していた可能性が浮かび上がったのが、ことし10月下旬に3日間、別の病気で入院していた患者でした。

この患者は、入院するときに行ったPCR検査では「陰性」でしたが、入院から2週間ほどたった11月10日に行った検査で、感染が判明しました。

また、最初に体調の異常を訴えた看護師2人が、▼10月下旬にいずれもこの患者を担当し、▼この患者と接触してからおよそ10日たった11月6日に症状が確認されていて、さらに、▼感染が確認された合わせて16人の互いとの接触の状況や症状の記録などを調べた結果、この患者から感染が広がった可能性が高いとしています。

小谷医師は、「入院時の検査で陰性でもウイルスに感染している可能性を考えて、対策を取らなければならないことを、今回の経験を通して改めて学んだ」と話しています。</div></section><section><h2>クラスターで 新型コロナの患者の受け入れができず</h2><div>札幌市は、新型コロナウイルスの患者のために最大で確保できる病床数を「446床」としていますが、このうちおよその2割の81床を「北海道医療センター」が提供することになっています。

クラスターの発生で、新型ウイルスの患者の受け入れができなくなりましたが、市内の病床がひっ迫したことから、保健所からできるかぎり早く患者の受け入れを始めてほしいという要望を受けるようになったということです。

このためセンターは、感染拡大を防ぐ対策が徹底できたと独自に判断して、感染者が最初に確認された11月7日から9日後の16日には重症患者を、さらに25日には、軽症と中等症の患者の受け入れをそれぞれ始めました。

センターによりますと、11月4日の時点では、重症者が3人、軽症と中等症が20人、入院していて、その3分の2は70歳以上で、高齢者を多く引き受けているということです。

また、入院患者の中には、介護度が高い患者が増えていて、1人の患者当たりに配置しなければならない人員の数も多くなっているほか、患者との接触の頻度も増えているため、感染のリスクが高まっているということです。

センターの菊地誠志院長は、「神経難病の患者で感染した人もいて、ほかの病院では受診できないため、当院に来ている」と述べ、センターのような基幹病院が患者を受け入れられなくなるとその影響は大きいと指摘しています。

そのうえで、「ウイルスはいちばん弱いところから入ってくるので誰かを責めるようなことは全く意味がない。院内への持ち込みは常にあると覚悟を決めて、それでも診療を続けなければならない」と話しています。</div></section><section><h2>専門家「たとえ陰性でも感染対策を」</h2><div>WHO＝世界保健機関では新型コロナウイルスの潜伏期間について、1日から14日間としていて、平均では5日から6日としています。

これまでの研究で発症する数日前からウイルスが増えていることが分かっていて、厚生労働省がまとめている新型コロナウイルスの診療の手引きによりますと、ほかの人に感染させる可能性があるのは、発症する2日前からと考えられるとしています。

一方で、日本感染症学会の理事長で東邦大学の舘田一博教授によりますと、ウイルスに感染してから間もない時期はウイルスの量が少ないためPCR検査でも検出できない可能性があるということです。

当初、PCR検査で陰性だった感染者からほかの人に感染が広がる可能性について、舘田教授は誰から感染が広がったかを特定するのは難しいとしたうえで、「PCR検査は非常に感度の高い検査だが、検体の取り方がうまくいかないケースも含め、陽性にならないことがある。たとえ検査結果が陰性でも潜伏期間中のおそれがあると考えて必要な感染対策を取ることが大切だ。特に医療機関などでは数日後に改めて陰性を確認するといった対応も必要だ。新型コロナウイルスは正しくマスクをする、手指消毒をすることで感染の伝ぱをかなり抑えることができる。過剰におそれることなく正しい感染対策を取ることが大事だ」と述べました。</div></section>"
43,科学・文化,医療ひっ迫の旭川市 自衛隊への看護師派遣要請 北海道に求める,https://www.nhk.or.jp/common/sns/img/help.png,<p>新型コロナウイルスの感染者の集団＝クラスターの発生が相次ぎ、医療体制がひっ迫しているとして、北海道旭川市は道に対し、自衛隊に看護師の派遣を要請するよう求めました。</p>
44,科学・文化,はやぶさ2搭載 太陽電池載せるプレート開発の会社「誇らしい」,https://www3.nhk.or.jp/news/html/20201207/K10012750481_2012071634_2012071639_01_02.jpg,"<p>日本の探査機「はやぶさ2」のカプセルが地球に帰還したことを受けて、「はやぶさ2」に搭載された太陽電池を載せるプレートを開発した相模原市の会社の技術者は、成功を誇りに思うと話しています。</p><section><div>JAXAの宇宙科学研究所がある相模原市に工場を置く複合材料の製造会社では、「はやぶさ2」に搭載された太陽電池を載せるプレートを開発しました。</div></section><section><div>このプレートは、蜂の巣型の構造のアルミニウムを、樹脂をしみこませた特殊な炭素繊維の板で挟んだもので、同じ強度の物を金属で作る場合と比べると数分の1の重さで作ることができます。

また、厳密に管理された工程で作られ、激しい温度変化や放射線にさらされる宇宙空間でも壊れたり変形したりしないということです。

「はやぶさ2」の本体はすでに別の小惑星を探査する新たなミッションに向かっていますが、安定した電源を確保するにはこのプレートの耐久性がカギになるということです。

プレートの製造に携わったスーパーレジン工業の朝倉明夫さんは「今回の成功に一役買うことができ、誇らしい。次のミッションもやりきってくれると思っているし、われわれも『はやぶさ2』のように新しいステージに向かって成長できるよう一層頑張りたい」と話していました。</div></section>"
45,科学・文化,都医師会「新規入院が一気に増え 医療機関に相当な負担か」,https://www3.nhk.or.jp/news/html/20201207/K10012750361_2012071612_2012071622_01_02.jpg,"<p>東京都内の新型コロナウイルスの入院患者が6日までの3日連続で過去最多を更新したことについて、東京都医師会の猪口正孝副会長はNHKの電話インタビューに対し、新規の入院患者が一気に増え、医療機関にとって相当な負担になっているという認識を示しました。</p><section><h2>「きょう あすの数字がとても大事」</h2><div>そのうえで、猪口副会長は「新型コロナウイルスに新たに感染した人の、きょう、あすの数字がとても大事になってくる。この数字によっては、もっと患者を受け入れるベッドの数を増やさないといけない状況になるかもしれない」という見方を示しました。

そして「医療機関はなんとか持ちこたえているが、局面、局面では厳しい状況になっている。これが打開できるのは都民の皆さんで、1人1人が感染しないでいただくしかない」と訴えました。</div></section>"
46,科学・文化,次世代エネルギー「水素」普及へ 88の企業が新団体設立し連携,https://www.nhk.or.jp/common/sns/img/help.png,"<p>脱炭素に向けた次世代のエネルギーとして注目される「水素」の普及を進めるため、自動車や鉄鋼、金融機関など80を超える企業が新たな団体を設立し、連携していくことになりました。</p><section><div>新たに設立された「水素バリューチェーン推進協議会」は、トヨタ自動車や神戸製鋼所、それに三井住友フィナンシャルグループなど、民間企業88社が参加していて、7日に都内で設立総会を開きました。

水素は、脱炭素に向けた次世代のエネルギーとして、国も普及に力を入れていますが、製造や運搬のコストが高く、水素で発電しながら走る燃料電池車や産業での活用は十分に広がっていません。

このため協議会では、
▽コストの引き下げを目指して、参加企業が製造や運搬、貯蔵に関する技術開発で連携していくほか、
▽船舶や鉄道、それに電力会社などで水素の活用を増やす具体策を検討するとしています。

また、ファンドも作って資金面からもこれらの取り組みを後押しするとしています。

協議会の共同代表で、トヨタ自動車の内山田竹志会長は「今はまだコストが高いが、普及によって価格が下がっていくことに期待したい。水素の普及が重要だという理念に共感する人を増やし、議論していくことが重要だ」と話していました。</div></section>"
47,政治,PayPay不正アクセス 官房長官 詳細踏まえ 再発防止策求めたい,https://www3.nhk.or.jp/news/html/20201208/K10012752611_2012081633_2012081636_01_02.jpg,<p>電子決済サービス「PayPay」が不正にアクセスされ、店舗の情報などが被害を受けた可能性があると発表したことを受けて、加藤官房長官は、事実関係などを確認しているとして、結果を踏まえ再発防止策を求めていく考えを示しました。</p>
48,政治,岸防衛相 ASEAN拡大国防相テレビ会議に参加へ,https://www3.nhk.or.jp/news/html/20201208/K10012752491_2012081521_2012081543_01_02.jpg,<p>岸防衛大臣は、テレビ会議方式で開かれるASEAN＝東南アジア諸国連合の拡大国防相会議に参加することを明らかにしたうえで、自由で開かれたインド太平洋の実現に向けた議論を行いたいという考えを示しました。</p>
49,政治,上野通子参院議員 無償提供の事務所費 収支報告書に不記載,https://www3.nhk.or.jp/news/html/20201208/K10012752411_2012081528_2012081543_01_02.jpg,<p>参議院栃木選挙区選出で自民党の上野通子議員が代表を務める政党支部が、親族から事務所を無償で提供されていたことを政治資金収支報告書に記載していなかったことが分かり、上野氏の事務所は今後、報告書を修正するとしています。</p>
50,政治,複数業種組み合わせで地方の雇用確保 島根で開始へ,https://www3.nhk.or.jp/news/html/20201208/K10012752381_2012081437_2012081455_01_02.jpg,<p>地方の急激な人口減少を食い止めるため、漁業や飲食業など地域の複数の業種を組み合わせて年間を通じた仕事をつくって人材を派遣する新たな制度が、全国に先駆けて島根県で始まることになりました。</p>
51,政治,温室効果ガスゼロへ「2兆円基金活用で技術革新を」梶山経産相,https://www3.nhk.or.jp/news/html/20201208/K10012752331_2012081412_2012081435_01_02.jpg,<p>2050年までに温室効果ガスの排出を全体としてゼロにするという政府の目標の実現に向けて、新たな経済対策に2兆円の基金の創設が盛り込まれることについて、梶山経済産業大臣は記者会見で、基金の活用によって企業の研究開発や設備投資を促し技術革新につなげていきたいという考えを示しました。</p>
52,政治,全閣僚に拉致被害者の救出願うブルーリボン着用を 官房長官,https://www3.nhk.or.jp/news/html/20201208/K10012752171_2012081316_2012081414_01_02.jpg,<p>10日からの北朝鮮による人権侵害問題を考える啓発週間を前に、加藤官房長官は、拉致被害者を取り戻すという強い意志を示す機会にしたいとして、すべての閣僚に対し、被害者の救出を願うブルーリボンのバッジの着用を呼びかけました。</p>
53,政治,学術会議 「予算や人員措置なしは現実的ではない」 科学技術相,https://www3.nhk.or.jp/news/html/20201208/K10012752231_2012081340_2012081412_01_02.jpg,<p>日本学術会議の在り方をめぐり、井上科学技術担当大臣は、政府から独立した組織にすることも含め検討するよう学術会議の側に伝えているとしたうえで、国による予算や人員の措置が全くなくなるのは現実的ではないという認識を示しました。</p>
54,政治,携帯料金 総務相「公正な競争で利用者に実感伝わるのが重要」,https://www3.nhk.or.jp/news/html/20201208/K10012752121_2012081247_2012081338_01_02.jpg,<p>携帯電話料金をめぐって、NTTドコモに続いて格安スマホ会社も新たなプランを発表したことについて、武田総務大臣は「公正な競争を通じて、利用者に安くなった実感が伝わることが重要だ」と述べ、競争が活発になることに期待感を示しました。</p>
55,政治,コロナ 自衛隊の医官や看護師派遣 防衛相「要請で迅速に派遣」,https://www3.nhk.or.jp/news/html/20201208/K10012752151_2012081259_2012081334_01_02.jpg,<p>新型コロナウイルス対策で、岸防衛大臣は、厳しい感染状況が続いている北海道と大阪府への自衛隊派遣について、態勢を整えているとして、今後正式な要請を受けて、速やかに派遣する考えを示しました。</p>
56,政治,「病床の早期確保と医療人材確保へ態勢整備急ぐ」田村厚労相,https://www3.nhk.or.jp/news/html/20201208/K10012752131_2012081316_2012081332_01_02.jpg,<p>新型コロナウイルスの影響で医療現場がひっ迫する中、田村厚生労働大臣は、閣議のあとの記者会見で、感染拡大が想定よりも早いおそれもあるとして病床の早期確保を進めるよう呼びかけるとともに、医療人材の確保に向けた態勢整備を急ぐ考えを示しました。</p>
57,政治,自民 立民に通常国会1月18日召集と第3次補正予算案提出を伝達,https://www3.nhk.or.jp/news/html/20201208/K10012752101_2012081239_2012081254_01_02.jpg,<p>来年の通常国会について自民党と立憲民主党の国会対策委員長が会談し、自民党が、来月18日に召集し、冒頭に今年度の第3次補正予算案を提出する方針を伝えたのに対し、立憲民主党も受け入れる考えを示しました。</p>
58,政治,西村経済再生相 きょう決定の経済対策で経済立て直し急ぐ考え,https://www3.nhk.or.jp/news/html/20201208/K10012752031_2012081218_2012081237_01_02.jpg,<p>ことし7月から9月までのGDP＝国内総生産が上方修正されたことに関連して、西村経済再生担当大臣は閣議のあとの記者会見で、新型コロナウイルスの感染拡大で個人消費などが下振れするリスクを指摘したうえで、8日決定する経済対策で経済の立て直しを急ぐ考えを示しました。</p>
59,政治,国民民主党 代表選告示 伊藤参院議員と玉木代表の2人が立候補,https://www.nhk.or.jp/common/sns/img/help.png,<p>国民民主党の代表選挙が8日告示され、党の役員室長の伊藤孝恵参議院議員と玉木雄一郎代表の2人が立候補し、選挙戦に入りました。</p>
60,政治,75歳以上医療費2割負担 公明 山口代表“政府が案を示すべき”,https://www.nhk.or.jp/common/sns/img/help.png,"<p>75歳以上の医療費の窓口負担を2割に引き上げる方針をめぐり、公明党の山口代表は、対象を年収240万円以上にするよう求めていることについて、「最大限の譲歩のつもりで提案した」と述べ、政府側が合意できる案を示すべきだという考えを示しました。</p><section><h2>自民 二階幹事長「慎重に議論 見守っていく」</h2><div>自民党の二階幹事長は、記者会見で「財源的な問題もあるし、国民生活にとって大きな課題なので、慎重に議論しているところだが、ほどなく決着がつくと思うので、見守っていきたい」と述べました。

一方、公明党の山口代表が「政府側がどのように意思決定をしていくのか、見えないところが協議が進展しない要因だ」と指摘したことについて、二階氏は「それは山口氏の判断だろうが、われわれは必ずしもそう思っているわけではない」と述べました。</div></section><section><h2>自民 下村政調会長「来週火曜日の閣議に間に合うよう」</h2><div>自民党の下村政務調査会長は、政務調査会の会合で「自民党と公明党の協議がまだ整っていないが、早めに協議を調え、来週火曜日の閣議に間に合うよう、最大限、汗をかいていきたい」と述べ、来週15日の閣議決定に向けて合意を目指す考えを示しました。</div></section><section><h2>自民 佐藤総務会長「自公で納得いくまで議論を」</h2><div>自民党の佐藤総務会長は、記者会見で「自民・公明両党で、納得がいくまでしっかり歩み寄るための議論が必要だ。じっくり話し合って合意を得られるようにしてもらいたい」と述べました。</div></section><section><h2>加藤官房長官「合意形成に向け協議深めたい」</h2><div>加藤官房長官は閣議のあとの記者会見で、「まさに今、政府・与党において最終的な調整を行っているところであり、合意の形成に向けてしっかり協議を深めていきたい。具体的な日程などについて決まっているものはない」と述べました。</div></section><section><h2>田村厚労相「精力的に議論 注視する」</h2><div>田村厚生労働大臣は、閣議のあとの記者会見で、「自民・公明両党の間で意見を交わしていると認識している。政府としては、若い人たちの負担の上昇を抑えていくという意味で、高齢者にも、負担能力のある人には2割負担をお願いしており、最終的にはどこかで合意してもらえるものと考えている。これからも両党で精力的に議論してもらうと思うので、注視しながら、場合によっては、政府もその中でいろんな議論をさせてもらいたい」と述べました。</div></section>"
61,政治,特別交付税 7月の豪雨災害の被災地などに386億円交付へ,https://www.nhk.or.jp/common/sns/img/help.png,<p>国から自治体に交付される特別交付税の今月分の交付額が決まり、ことし7月の豪雨災害の被災地などに災害関連として386億円が交付されることになりました。</p>
62,政治,新たな経済対策に73.6兆円 実施に全力 菅首相,https://www.nhk.or.jp/common/sns/img/help.png,"<p>8日決定する新たな経済対策について、菅総理大臣は、政府与党政策懇談会で、財政支出が40兆円程度、事業規模が総額73兆6000億円程度になることを明らかにし、実施に全力を挙げる考えを示しました。</p><section><h2>自民 二階幹事長「何としても国民生活を最重要視」</h2><div>自民党の二階幹事長は、記者会見で「今の段階では、何としても国民生活を最重要視して考えていかなければならない。そのために、政府はあらゆる対策を講ずるべきだし、党としても全力を傾けたい」と述べました。</div></section><section><h2>公明 山口代表「提案盛り込まれ評価」</h2><div>公明党の山口代表は、政府与党政策懇談会のあと、記者団に対し「公明党が提案した、医療体制のひっ迫を招かないための対応策や雇用調整助成金の延長などをしっかり手当てするとともに、デジタル化やグリーン化の2つの柱のもとに希望につながる対応策を盛り込んだことを評価したい。新型コロナウイルスの感染状況は先が見えず、予備費を確保し切れ目のない予算執行ができる基盤を作ったことも大事だ」と述べました。</div></section><section><h2>麻生副総理・財務相</h2><div>麻生副総理兼財務大臣は、8日の閣議のあとの記者会見で「官主導ではおのずと限界があり、民需主導の好循環へと切り替えなくてはならない」と述べました。

その上で、新型コロナウイルスへの対応で財政状況が悪化していることについて「財政再建と財政支出を伴う経済対策は二律背反しているような話でもある。新型コロナを乗り越えて、次の時代に行くためには、経済再生と財政再建を両立するのはわれわれの責任だ」と述べ、歳出と歳入の両面から改革に取り組む考えを改めて強調しました。</div></section>"
63,政治,茂木外相 きょうからモーリシャスなどアフリカ4か国訪問へ,https://www3.nhk.or.jp/news/html/20201208/K10012751301_2012072049_2012080854_01_02.jpg,<p>茂木外務大臣は、8日からモーリシャスなどアフリカ4か国を訪問します。アフリカで影響力を強める中国を念頭に、自由で開かれたインド太平洋の実現に向けた協力を呼びかける考えです。</p>
64,政治,「脱炭素」企業の税負担軽減へ 投資額の最大10％など 政府与党,https://www3.nhk.or.jp/news/html/20201208/K10012751271_2012072304_2012080622_01_02.jpg,"<p>脱炭素社会の実現に向けて、政府・与党は、来年度の税制改正で、温室効果ガスの大幅な削減などにつながる最新設備を生産ラインに導入した企業に対し、投資額の最大10％を法人税額から差し引くなどとする方針を固めました。</p><section><div>2050年までに温室効果ガスの排出を実質ゼロにする、「カーボンニュートラル」の実現に向けて、政府・与党は来年度の税制改正で、脱炭素に取り組んだ企業の税負担を軽減する方針です。

具体的には、温室効果ガスの大幅な削減などにつながる最新設備を生産ラインに導入した場合、排出量の削減幅など一定の条件を満たせば、投資額の最大10％を法人税額から差し引くか、減価償却費に、最初の年度だけ投資額の50％を上乗せできるようにします。

また、消費電力を抑える「パワー半導体」や、繰り返し充電できるリチウムイオン電池などを生産するための設備投資も、同様の措置が受けられるようにします。対象となる設備投資の上限は500億円とし、3年間の時限的な措置とする方針です。

さらに、自動車を購入した際に、燃費性能に応じて最大3％課税される「環境性能割」については、税率を1％引き下げる軽減措置の期限を、来年3月末から9か月延長して、12月末までとする方針です。

一方、クリーンディーゼル車に対する一律の免税措置は廃止し、ガソリン車と同様に、燃費に応じて課税するとしています。

自民・公明両党は、こうした内容を今月10日にまとめる税制改正大綱に盛り込むことにしています。</div></section>"
65,政治,駐米大使に冨田浩司氏起用へ 米の新政権移行見据え 政府,https://www.nhk.or.jp/common/sns/img/help.png,"<p>新政権への移行を見据え、政府は新しいアメリカ大使に、外務省北米局長の経験もある冨田浩司・韓国大使を起用する方向で調整に入りました。後任の韓国大使には、相星孝一・イスラエル大使を起用する方針です。</p><section><h2>韓国大使 相星孝一イスラエル大使を起用へ</h2><div>一方、相星氏は、61歳。

韓国公使などを経ておととしからイスラエル大使を務めています。

政府としては、太平洋戦争中の「徴用」をめぐる問題や慰安婦問題などで日韓関係が冷え込む中、韓国駐在の経験が豊富な相星氏を起用し、事態打開に向けた糸口を探るものとみられます。</div></section>"
66,政治,75歳以上の医療費2割負担 来週の閣議決定へ調整続く 政府与党,https://www3.nhk.or.jp/news/html/20201208/K10012751281_2012072305_2012080540_01_02.jpg,<p>75歳以上の医療費の窓口負担を2割に引き上げる方針をめぐり、政府・与党は、来週前半に閣議決定できるよう、対象となる所得の範囲など、調整を続けることにしています。</p>
67,ビジネス,1月～11月の倒産件数 飲食業が過去最多だった去年超える,https://www3.nhk.or.jp/news/html/20201208/K10012752581_2012081635_2012081637_01_02.jpg,<p>先月＝11月に全国で倒産した企業の数は563件で、11月としては2000年以降で最も少なくなりました。ただ1月から11月までの飲食業の倒産件数は過去最多だった去年を超え、信用調査会社では、新型コロナウイルスの影響で飲食や宿泊業などで倒産がさらに増えるおそれがあると指摘しています。</p>
68,ビジネス,株価 東京市場 小幅に値下がり,https://www3.nhk.or.jp/news/html/20201208/K10012752561_2012081554_2012081555_01_02.jpg,<p>8日の東京株式市場、株価は小幅に値下がりしました。</p>
69,ビジネス,「今年の一皿」は「テイクアウトグルメ」 新型コロナが影響,https://www3.nhk.or.jp/news/html/20201208/K10012752341_2012081553_2012081631_01_02.jpg,"<p>ことしを象徴する食を選ぶ「今年の一皿」に「テイクアウトグルメ」が選ばれました。新型コロナウイルスの影響で料理をテイクアウト＝持ち帰りで提供する飲食店が増え、料理の種類が広がったことが理由です。</p><section><div>「今年の一皿」は、食に関する情報の調査会社、「ぐるなび総研」がインターネット上の検索数や消費者へのアンケートなどをもとに毎年この時期に発表しています。

ことしは「シャインマスカット」、植物由来のたんぱく質が原料の「代替肉」、「テイクアウトグルメ」、「ノンアルコールドリンク」が候補に選ばれました。

そして選考の結果「テイクアウトグルメ」が選ばれました。

新型コロナウイルスの影響で外食の自粛が広がる中、多くの飲食店が売り上げを確保しようとテイクアウトを始めました。

その結果、フルコースの持ち帰りなど料理の種類が増えたことや、日本酒の量り売りなど、新たな販売方法がでてきたことを選定の理由にあげました。

飲食店の予約サイト「ぐるなび」によりますと、感染拡大のあと持ち帰りのサービスを始める店が増え加盟する店舗では7割を超える店がテイクアウトを行っているということです。

ぐるなび総研の家中みほ子さんは「ことしはテイクアウトが急速に進化した年だった。日本の食文化として今後も定着していくだろう」と話しています。</div></section><section><h2>非接触の商品受け取りや再利用可能な容器採用も</h2><div>テイクアウトが拡大する中、感染を防ぐため店員と客が接触をせずに商品を受け取るサービスを導入したり、ゴミの削減に向けて再利用できる容器を採用したりするなど、新たな取り組みも広がっています。

このうちケンタッキーフライドチキンが導入したのがテイクアウトの商品を受け取るためのロッカーです。

店員と客の接触を減らそうと、ことし8月から設置を始め、東京、神奈川、埼玉の5店舗で運用しています。

消費者は注文や支払いをスマホのアプリやウェブサイトで済ませたうえで、店頭のロッカーに指定された番号を入力すると、商品を受け取ることができます。

これにより、アプリなどで注文した客は店頭に並ぶ必要がなくなり、接触を減らすことができるということです。

一方、テイクアウトの拡大で懸念されるのが、持ち帰り用の容器や包装紙といったゴミの増加です。

ハンバーガーチェーンのバーガーキングは、来年10月以降、飲み物のカップやハンバーガーの包装紙を再利用可能な容器に置き換えることにしています。

まず東京や千葉の15店前後で導入する計画で、客は、商品を買う際にいったんは容器の代金を支払いますが、店舗などに設置された回収ボックスに返却すれば、容器の代金が返却されるということです。

運営会社ビーケージャパンホールディングス、マーケティングディレクターの野村一裕さんは「テイクアウトや宅配の需要が急激に伸びていて、来年以降、出店のペースをあげていく中で環境問題に向き合う必要があると考えた。一気に再利用可能な容器にかえられるわけではないが、顧客の理解も得ながら進めていきたい」と話していました。</div></section><section><h2>大手企業も相次いで参入 テイクアウト市場は拡大の見込み</h2><div>テイクアウトへの参入が相次ぐ背景には、新型コロナウイルスの感染を抑えるため、消費者の間で外食を控える動きが広がっていることに加え、飲食店が工夫をこらしてさまざまなメニューを打ち出してきたことがあります。

ことし4月に全国で緊急事態宣言が出され外出の自粛や飲食店の営業時間短縮が求められた中でもそれぞれの飲食店は少しでも売り上げを確保しようと、店のメニューを活用したテイクアウトに乗り出しました。

こうしたテイクアウトは緊急事態宣言の解除後も消費者の支持を集め、繁華街やオフィス街などでは店先に看板やのぼりを立ててテイクアウトのメニューを販売する光景がよく見られます。

また、テイクアウトのメニューを消費者に届ける宅配代行サービスの利用も急激に増え、市場の拡大を後押ししました。

テイクアウトの市場には大手企業も相次いで参入し、ファミリーレストランやファストフードのチェーンなどが宅配やテイクアウトの専門店を設ける動きも出ています。

調査会社の「富士経済」によりますと、ことしの外食全体の市場規模は、28兆円余りと、去年よりも16.5％減少すると見込んでいますが、テイクアウトの市場規模は8757億円と逆に去年を2.3％上回ると予想しています。

予想は、ことし2月から3月時点の情報をもとに行ったため調査会社では、その後の、在宅勤務の広がりや、スマホアプリを使った事前の注文や決済のシステムが普及したことを考えるとテイクアウトの市場規模はさらに拡大する可能性があると指摘しています。</div></section>"
70,ビジネス,東証上場企業 取締役の3分の1以上は社外から起用 指針見直し案,https://www3.nhk.or.jp/news/html/20201208/K10012752291_2012081413_2012081432_01_02.jpg,<p>企業統治の透明性を高めるため、東京証券取引所に株式を上場する企業に対し、取締役の3分の1以上を社外から起用するよう求める指針の見直し案がまとまりました。</p>
71,ビジネス,働く人たちの景気の実感 景気ウォッチャー調査 7か月ぶり悪化,https://www3.nhk.or.jp/news/html/20201208/K10012752351_2012081422_2012081423_01_02.jpg,<p>働く人たちに景気の実感を聞く内閣府の調査で、先月は景気の現状を示す指数が、前の月より8.9ポイント下がり45.6になりました。新型コロナウイルスの感染が再び広がるなか、指数は7か月ぶりに悪化しました。</p>
72,ビジネス,携帯料金 総務相「公正な競争で利用者に実感伝わるのが重要」,https://www3.nhk.or.jp/news/html/20201208/K10012752121_2012081247_2012081338_01_02.jpg,<p>携帯電話料金をめぐって、NTTドコモに続いて格安スマホ会社も新たなプランを発表したことについて、武田総務大臣は「公正な競争を通じて、利用者に安くなった実感が伝わることが重要だ」と述べ、競争が活発になることに期待感を示しました。</p>
73,ビジネス,西村経済再生相 きょう決定の経済対策で経済立て直し急ぐ考え,https://www3.nhk.or.jp/news/html/20201208/K10012752031_2012081218_2012081237_01_02.jpg,<p>ことし7月から9月までのGDP＝国内総生産が上方修正されたことに関連して、西村経済再生担当大臣は閣議のあとの記者会見で、新型コロナウイルスの感染拡大で個人消費などが下振れするリスクを指摘したうえで、8日決定する経済対策で経済の立て直しを急ぐ考えを示しました。</p>
74,ビジネス,株価 小幅に値下がり,https://www3.nhk.or.jp/news/html/20201208/K10012752061_2012081216_2012081223_01_02.jpg,<p>8日の東京株式市場、株価は小幅に値下がりしています。</p>
75,ビジネス,円相場 小幅な値動き,https://www3.nhk.or.jp/news/html/20201208/K10012752081_2012081221_2012081222_01_02.jpg,<p>8日の東京外国為替市場、円相場は小幅な値動きになっています。</p>
76,ビジネス,11月融資残高 2か月ぶりに前の月上回る 2000年以降最多に,https://www3.nhk.or.jp/news/html/20201208/K10012751801_2012081036_2012081038_01_02.jpg,<p>銀行と信用金庫が企業や個人に融資した残高は先月、2か月ぶりに前の月を上回り、比較ができる2000年以降で最も多くなりました。新型コロナウイルスの影響を受けた大企業向けに、財務基盤を強化するための融資が増えたことなどが要因です。</p>
77,ビジネス,株価 東京市場は値下がり,https://www3.nhk.or.jp/news/html/20201208/K10012751761_2012080957_2012080958_01_02.jpg,<p>8日の東京株式市場、株価は値下がりしています。</p>
78,ビジネス,10月経常収支 2兆1447億円の黒字 黒字幅は2か月連続で拡大,https://www3.nhk.or.jp/news/html/20201208/K10012751741_2012081003_2012081003_01_02.jpg,<p>日本が海外との貿易や投資などでどれだけ稼いだかを示すことし10月の経常収支は、2兆1447億円の黒字となりました。自動車の輸出の回復などを背景に貿易収支が改善したことから黒字幅は2か月連続で拡大しました。</p>
79,ビジネス,7-9月のGDP改定値 年率換算で+22.9％ 歴史的急落からの反動,https://www3.nhk.or.jp/news/html/20201208/K10012751731_2012081025_2012081029_01_02.jpg,"<p>内閣府は、ことし7月から9月までのGDP＝国内総生産の改定値を発表し、年率に換算した実質の伸び率は、プラス22.9％となりました。歴史的な急落となった前の3か月からの反動で最大の伸び率になった速報値のプラス21.4％から上向きに修正されました。</p><section><h2>今回から新基準で計算 改装工事代が「住宅投資」などに</h2><div>GDP＝国内総生産は、今回から新たな基準で計算が行われ、住宅や工場などを改装する工事代が「設備投資」や「住宅投資」などに、映画や書籍といった娯楽作品を作る費用などが「設備投資」として計算に加えられました。

内閣府は、これによって、基準となる2015年では、名目GDPが6兆7000億円程度、押し上げられるとしています。</div></section><section><h2>今回から新基準で計算 改装工事代が「住宅投資」などに</h2><div>GDP＝国内総生産は、今回から新たな基準で計算が行われ、過去にさかのぼって修正されました。

基準改定の柱の1つが住宅や工場などを改装する工事代を計算に加えたことです。

壊れた施設をもとに戻すだけの「修理」ではなく、設備や機能が変わる「改装」であれば、新たな価値を生み出したといえるという考え方に基づきます。

住宅の場合は「住宅投資」、工場の場合は「設備投資」、公共施設の場合は「公共投資」として反映されます。

もう一つの柱は、映画や書籍といった娯楽作品、コンテンツを作る費用などを「設備投資」として加えることにしたことです。

娯楽作品の原本は、製品を生み出す工作機械のように新たな価値を生み出す源泉とみなせるという考え方に基づきます。

内閣府は、これらの項目を反映させて過去にさかのぼってGDPを計算し直しました。

その結果、昨年度、2019年度のGDPの実質の伸び率は、これまでのプラス0.0％からマイナス0.3％に下方修正され、昨年度は5年ぶりのマイナスとなりました。</div></section>"
80,ビジネス,10月の消費支出 前年同月比＋1.9％ 1年1か月ぶり上昇,https://www3.nhk.or.jp/news/html/20201208/K10012751721_2012081026_2012081029_01_02.jpg,<p>ことし10月に2人以上の世帯が消費に使った金額は、前の年の同じ月より1.9％増えて、1年1か月ぶりに前の年を上回りました。総務省は、去年の10月に消費税率が引き上げられ、支出が落ち込んだことの反動の影響が大きく、新型コロナウイルスの感染が再び広がる中、今後の動向を注視したいとしています。</p>
81,ビジネス,省エネ住宅購入者に 最大100万円分のポイント付与へ 政府,https://www3.nhk.or.jp/news/html/20201208/K10012751521_2012072252_2012080455_01_02.jpg,<p>政府は、省エネにつながる住宅を購入した人に、商品との交換などができるポイントを付与する新たな制度を8日にまとめる経済対策に盛り込む方針です。この制度では、東京圏からの移住など特定の条件を満たすと、付与されるポイントは最大で100万円分に上ることが分かりました。</p>
82,ビジネス,NTT 独ソフトウエア大手と提携拡大 企業のデジタル変革支援へ,https://www3.nhk.or.jp/news/html/20201207/K10012751501_2012072153_2012072305_01_02.jpg,<p>NTTは異業種との提携を進める戦略の一環として、ドイツのソフトウエア開発大手SAPとの提携を拡大し、企業のデジタル変革を支援するビジネスの強化を図ることになりました。</p>
83,ビジネス,農水省 全国の養鶏場にまん延防止策徹底の自主点検を,https://www3.nhk.or.jp/news/html/20201207/K10012751231_2012072037_2012072153_01_02.jpg,"<p>鳥インフルエンザの感染が、各地の養鶏場で広がっていることを受けて、農林水産省は全国すべての養鶏場に対し、まん延防止策が徹底されているか自主点検を求めることになりました。</p><section><div>鳥インフルエンザウイルスは、先月以降、香川、福岡、兵庫、宮崎、奈良の養鶏場で相次いで確認され、7日、新たに広島県の養鶏場でも感染が確認されました。

7日開かれた対策本部の会議で、野上農林水産大臣は「全国どこでも発生のリスクがあるという認識のもと、管理を徹底してもらいたい」と述べ、養鶏場の管理者に対策の自主点検をしてもらい、各都道府県を通じて結果を報告するよう求める考えを示しました。

自主点検は、全国すべての養鶏場が対象で、担当者の手や指の消毒や手袋・衣服・長靴の交換、それに野生動物の侵入を防ぐネットの設置や、出入りする車両の消毒などの対策が徹底されているかを調べ、各都道府県を通じて報告を受けるとしています。

これまでに感染が確認された養鶏場で行った現地調査では、鶏舎に野生動物が侵入できる隙間が空いているケースもあったということで、農林水産省は改めて衛生管理の徹底を求め、まん延防止に努めたいとしています。</div></section>"
84,ビジネス,三菱自動車 希望退職募集に従業員650人余が応じる,https://www3.nhk.or.jp/news/html/20201207/K10012751151_2012071928_2012072143_01_02.jpg,<p>三菱自動車工業は、新型コロナウイルスなどによる業績の低迷を受けて募集をしていた希望退職に、650人余りが応じることになったと明らかにしました。</p>
85,ビジネス,政府 今年度第3次補正予算案 一般会計総額で19兆円程度で調整,https://www3.nhk.or.jp/news/html/20201207/K10012751181_2012072012_2012072023_01_02.jpg,<p>政府は、8日の臨時閣議で決定する新たな経済対策を踏まえ、今年度の第3次補正予算案は、一般会計の総額で19兆円程度の規模とする方向で最終的な調整を進めていることが分かりました。</p>
86,国際,英 新型コロナウイルスのワクチン接種始まる,https://www.nhk.or.jp/common/sns/img/help.png,<p>イギリスでは、アメリカの製薬大手ファイザーとドイツの企業ビオンテックが開発した新型コロナウイルスのワクチンの接種が、日本時間の8日午後、始まりました。</p>
87,国際,新型コロナ 世界の感染者6759万人 死者154万人(8日午後3時）,https://www3.nhk.or.jp/news/html/20201208/K10012752541_2012081540_2012081542_01_02.jpg,"<p>アメリカ、ジョンズ・ホプキンス大学のまとめによりますと、新型コロナウイルスの感染が確認された人は、日本時間の8日午後3時の時点で、世界全体で6759万1203人となりました。また、亡くなった人は154万4533人に上っています。</p><section><h2>感染者の多い国</h2><div>感染者が最も多いのは
▽アメリカで1494万9299人、
次いで、
▽インドが970万3770人、
▽ブラジルが662万3911人、
▽ロシアが246万6961人、
▽フランスが234万9059人です。</div></section><section><h2>死者の多い国</h2><div>亡くなった人が最も多いのも
▽アメリカで28万3703人、
次いで、
▽ブラジルが17万7317人、
▽インドが14万958人、
▽メキシコが11万74人、
▽イギリスが6万1531人となっています。</div></section>"
88,国際,太平洋戦争開戦79年 真珠湾攻撃犠牲者の追悼式典 ハワイ,https://www3.nhk.or.jp/news/html/20201208/K10012751781_2012081236_2012081257_01_02.jpg,<p>太平洋戦争の開戦から79年となる8日、旧日本軍による真珠湾攻撃が行われたハワイのオアフ島では、犠牲者を追悼する式典が開かれました。</p>
89,国際,バイデン氏 初の黒人の国防長官指名か 主要メディア,https://www.nhk.or.jp/common/sns/img/help.png,<p>アメリカ大統領選挙で勝利を宣言した民主党のバイデン前副大統領は閣僚らの選定を進めていて、主要メディアは国防長官にオースティン元中央軍司令官が指名される見通しで、就任すれば史上初めて黒人の国防長官になると伝えました。</p>
90,国際,IOC ベラルーシ ルカシェンコ大統領処分 五輪含む活動から除外,https://www3.nhk.or.jp/news/html/20201208/K10012752091_2012081239_2012081253_01_02.jpg,"<p>IOC＝国際オリンピック委員会は7日、旧ソビエトのベラルーシで国内オリンピック委員会の会長を務めるルカシェンコ大統領らに対し、スポーツ選手を政治的な差別から守っていないとして、IOCの活動から除外する処分を決めました。</p><section><div>その理由としてIOCのバッハ会長は、ルカシェンコ大統領らがスポーツ選手たちを政治的な差別から守っていないことを挙げ、「オリンピックムーブメントの評判に深刻な影響を与える」としています。

IOCはまた、東京大会と2022年冬の北京大会に向けた選手への支援を除いて、国内オリンピック委員会への分配金を差し止めるとしています。

この措置は来年2月の国内オリンピック委員会の総会で執行部が交代するまで適用されます。</div></section>"
91,国際,ボブ・ディランさん全作品を米音楽会社に売却 3億ドル以上か,https://www3.nhk.or.jp/news/html/20201208/K10012752011_2012081233_2012081233_01_02.jpg,<p>アメリカのシンガーソングライターで、ノーベル文学賞を受賞したボブ・ディランさんが、これまで手がけてきた600余りの曲すべてを、アメリカにある音楽会社に売却し、現地のメディアは価格は3億ドル以上、日本円で300億円を超えるという見方を伝えています。</p>
92,国際,ユニセフ 各国に学校再開求める “感染拡大証拠ほとんどなし”,https://www3.nhk.or.jp/news/html/20201208/K10012751971_2012081152_2012081208_01_02.jpg,<p>ユニセフ＝国連児童基金は8日、学校が新型コロナウイルスの感染の拡大を招いているという証拠はほとんどないとして、学校の再開を優先させるよう各国政府に求める声明を出しました。</p>
93,国際,トランプ大統領 ワクチン 国内の接種優先の大統領令に署名へ,https://www3.nhk.or.jp/news/html/20201208/K10012751991_2012081200_2012081202_01_02.jpg,<p>アメリカのトランプ政権の高官は、開発が進む新型コロナウイルスのワクチンについて、トランプ大統領が国内での接種を優先したうえで、外国への供給を支援する内容の大統領令に署名することを明らかにしました。アメリカ第一主義をアピールするねらいがあると見られます。</p>
94,国際,新型コロナウイルスの発生源はどこ？WHOの専門家に聞きました,https://www3.nhk.or.jp/news/html/20201208/K10012751911_2012081145_2012081146_01_02.jpg,"<p>中国の湖北省武漢で最初に確認された新型コロナウイルスの感染者が発症したとされる日から8日で1年がたちました。WHOはことし7月、国際的な専門家でつくる調査チームが現地でウイルスの発生源を調べるための先遣隊を中国・北京に送りました。しかし、その後およそ5か月たった今も、武漢での現地調査は実現していません。WHOは発生源についてどのように見ているのでしょうか？WHOで動物由来の感染症の調査を担う専門家、ピーター・ベンエンバレク氏に話を聞いてみました。
（欧州総局記者・古山彰子）</p><section><h2>WHOの専門家にずばり聞きました</h2><div>話を聞かせてもらったのは、デンマーク出身の科学者で、動物由来の感染症に詳しい、ピーター・ベンエンバレク博士です。

ベンエンバレク博士は、2001年からWHO＝世界保健機関で働いていて、新型インフルエンザが流行した2009年から2011年までの間は、中国・北京での勤務経験もあります。

現在、新型コロナウイルスの発生源の調査も担っています。</div></section><section><h2>新型コロナウイルスの発生源は？</h2><div>（記者）
WHOの調査で、新型コロナウイルスの発生源について、これまで何がわかっていて、何がわかっていないんでしょうか？

（博士）
新型コロナウイルスは、コウモリの個体群から見つかりました。ウイルスは、自然界の由来のウイルスです。去年12月、中国の武漢で最初に見つかりました。

私たちがまだわからないのは、その以前に起きたことです。ウイルスがどのようにコウモリから人間界に移り、どのようにして武漢や武漢の周辺の人たちのところに来たのか。

また、ほかの動物種も、この感染に関与しているに違いないと考えています。ウイルスがコウモリから人間に直接、感染した可能性もありますが、それは極めて低いです。

WHOは、中国の専門家と合同で、時間をさかのぼって、その発生源を探そうとしています。

（記者）
新型コロナウイルスは、中国が起源なのでしょうか？中国以外の可能性もありますか？

（博士）
新型コロナウイルスに最も近いのは、2013年に中国・雲南省のコウモリが生息する洞窟で見つかったウイルスです。同じウイルスではありませんが、私たちが知る限り、最も近い種類のウイルスであり、新型コロナウイルスも、中国国内で発生したことは、論理的に考えられます。

しかし、もちろん、100％の確実性はありません。

だからこそ、私たちは心を開き、ウイルスがどこから来たのかを示す証拠を探しているのです。</div></section><section><h2>中国で行う調査は？</h2><div>（記者）
国際的な専門家でつくる調査チームは、中国で何を調べるのですか？

（博士）
去年12月の時点では、新型コロナウイルスは、軽症や無症状の患者が多いことはわかっていませんでした。去年12月時点に、武漢で重症の患者が40人から50人いたとしたら、当時、発見されなかった軽症や無症状の患者がずっと多くいた可能性が高いと考えています。

最初の症例について、さらに詳細な調査をしなくてはなりません。まずは武漢とその周辺の調査から始め、最初の症例について、詳細な調査を行うとともに、武漢以外の地域でも症状がなかったか、聞き取りが必要です。

中国はかなり高度な公衆衛生システムを持ち、去年のサンプルもたくさん残っているはずなので、それらを調べればウイルスの痕跡を見つけられると思います。</div></section><section><h2>発生源の調査 どのくらい時間がかかる？</h2><div>（記者）
発生源の調査にはどれくらいの時間がかかるのでしょうか？

（博士）
MERS、SARSの流行の際も、発生源を理解するのにとても時間がかかりました。

MERSの場合、ラクダと人間の症状を結びつけるのに1年かかり、SARSについてはコウモリの役割とウイルスの起源を理解し、中間的な動物種の役割を理解するには3年から5年かかったと思います。

一般的には、これらの研究を行い、当時、何が行ったのかを理解するには、かなりの時間がかかるのです。

（記者）
国際的な専門家でつくる調査チームは、いつ中国に派遣されるのでしょうか？

（博士）
おそらく数週間後か、数か月後になると思うが、まだ非常に不確かな状況です。
6か月後まで待つことはないと期待しています。</div></section>"
95,国際,カナダ国防相 日本との防衛協力に期待を示す,https://www3.nhk.or.jp/news/html/20201208/K10012751771_2012081032_2012081045_01_02.jpg,<p>日本の防衛当局と連携して、北朝鮮による海上での密輸を監視してきた、カナダの国防相がNHKのインタビューに応じ、北朝鮮に加えて、一方的な海洋進出を続ける中国を念頭に、アジア太平洋地域の平和と安定に向けて日本との防衛協力に期待を示しました。</p>
96,国際,ベネズエラ 国会議員選挙でマドゥーロ大統領支持勢力が勝利,https://www3.nhk.or.jp/news/html/20201208/K10012751751_2012081018_2012081024_01_02.jpg,<p>南米のベネズエラでは、主要な野党がボイコットを表明する中、国会の議員選挙が行われ、選挙管理委員会はマドゥーロ大統領を支持する勢力が勝利したと発表しました。アメリカなどの支援を受けて暫定大統領を宣言したグアイド国会議長は、議員の資格を失う見通しで、マドゥーロ大統領の強権的な姿勢が強まりそうです。</p>
97,国際,ダボス会議 新型コロナでスイス開催見送りシンガポールで,https://www3.nhk.or.jp/news/html/20201208/K10012751711_2012080940_2012080951_01_02.jpg,<p>世界の政財界のリーダーらが、年に一度スイスに集まって開かれる「ダボス会議」は、新型コロナウイルスの感染状況から、来年5月に予定されていた開催が難しくなったとして、かわりにシンガポールで開かれることになりました。</p>
98,国際,米専門家 日米両国の連携強化を提言 中国・北朝鮮の脅威に対応,https://www.nhk.or.jp/common/sns/img/help.png,<p>アメリカのアーミテージ元国務副長官らは、日米同盟に関する提言をまとめ、中国や北朝鮮の脅威に対応するために日米両国が連携を一層強化するよう求めました。</p>
99,国際,イスラエルの企業 国交正常化でドバイ国際見本市に数多く参加,https://www3.nhk.or.jp/news/html/20201208/K10012751381_2012080928_2012080938_01_02.jpg,"<p>イスラエルと、UAE＝アラブ首長国連邦が国交正常化で合意したことを受けて、両国のビジネス交流が進んでいます。
UAEで開かれている情報通信技術の国際見本市には、イスラエルの企業が数多く参加しました。</p>"
100,国際,政権移行進めるバイデン氏 新型コロナ対応の閣僚人事を発表,https://www3.nhk.or.jp/news/html/20201208/K10012751691_2012080858_2012080900_01_02.jpg,"<p>アメリカ大統領選挙で勝利を宣言したバイデン前副大統領は、新政権の厚生長官など最優先課題とする新型コロナウイルスへの対応を担う閣僚らの人事を発表しました。</p><section><h2>就任式の実行委員長に黒人有力議員</h2><div>来年1月に予定されているバイデン氏の就任式について、7日、実行委員会のメンバーが発表されました。

それによりますと、委員長は、民主党の下院ナンバースリーで、黒人有力議員のクライバーン院内幹事が務めます。

クライバーン氏はことし2月、民主党の候補者選びの序盤でバイデン氏が出遅れた後、支持を表明し、バイデン氏はこれをきっかけに選挙戦を巻き返したことで知られています。

7日に発表された委員会の5人のメンバーには、新型コロナウイルスへの対応をめぐり、トランプ大統領と激しく対立したミシガン州のホイットマー知事や、副大統領候補の選考にも関わったロサンゼルス市のガルセッティ市長が、名を連ねています。

また、クライバーン氏を含め3人が黒人で、バイデン氏としては大統領選挙での勝利を支えた黒人層への配慮を示すねらいがあるとみられます。

就任式をめぐってバイデン氏は、新型コロナウイルスの感染対策として大規模なパレードを行わず、オンラインのイベントを取り入れるなど、規模を縮小して実施する考えを示しています。</div></section>"
101,国際,英とEU首脳 電話会談も合意できず 再度直接会談で打開目指す,https://www3.nhk.or.jp/news/html/20201208/K10012751531_2012072148_2012080857_01_02.jpg,<p>イギリスとEU＝ヨーロッパ連合の双方の首脳は、難航している自由貿易協定などについて7日、電話会談を行いましたが、合意できず、近く、ブリュッセルで直接会って再度、事態の打開を目指すことになりました。今月10日に始まるEU首脳会議までに合意できるかどうかが焦点です。</p>
102,国際,茂木外相 きょうからモーリシャスなどアフリカ4か国訪問へ,https://www3.nhk.or.jp/news/html/20201208/K10012751301_2012072049_2012080854_01_02.jpg,<p>茂木外務大臣は、8日からモーリシャスなどアフリカ4か国を訪問します。アフリカで影響力を強める中国を念頭に、自由で開かれたインド太平洋の実現に向けた協力を呼びかける考えです。</p>
103,国際,新型コロナ 欧米の一部の学校で対面の授業再開,https://www.nhk.or.jp/common/sns/img/help.png,"<p>感染が拡大する新型コロナウイルスへの対策として、学校の授業を原則、オンラインで行ってきたアメリカのニューヨーク市とヨーロッパのオーストリアでは7日、一部の学校で対面授業が再開されました。背景には教育の質の確保を求める保護者の声があり、特に経済的に厳しい家庭への影響が大きいと指摘されています。</p><section><div>先月19日から公立学校の授業をオンラインで行ってきたニューヨーク市では7日、幼稚園と小学校で対面授業が再開されました。

市内の小学校では登校した児童たちの体温を測って、発熱していないか確認していました。

娘の登校に付き添った母親は、「オンラインの授業だけでは、子どもは十分に学べないと思います。ストレスを感じているようにも見えたので、学校が再開されてほんとうにうれしいです」と話していました。

ニューヨーク市ではこれまで、市内の検査の陽性率が1週間の平均で3％に上った場合対面授業を行わない方針をとっており、7日時点でも3％を超えています。

ただ、市内では先月、オンライン授業の質に不満をもつ保護者などが対面授業の再開を求めて抗議デモを行い、市もこうした声を受けて方針を見直し、再開に踏み切ったと説明しています。

一方、先月から全国で厳しい外出制限を行ってきたオーストリアでは、7日から規制を一部緩和する最初の措置として小学校や中学校などでの対面授業が再開されました。

登校した子どもたちは「自宅での学習は疲れるので学校に来られてうれしい」とか「友だちや先生と会えて幸せだ」などと話していました。

オーストリアでは、この春に続いて先月からも授業が原則オンラインで行われたことで、特に経済状況が厳しい家庭の子どもたちへの影響が懸念されています。

ウィーン市内に住むリンダ・ダミアニクさんは（49）現在仕事がなく、国からの支援を受けながら2人の子どもを育てています。

職業教育の専門学校に通う15歳の長女ビクトリアさんは、春に外出制限が始まった当初、オンラインで授業を受けるためのパソコンが自宅になく、家族で寄付を呼びかけて手に入れることができたということです。

母のリンダさんは「国からパソコンが支給されたのは学期が終わるころで憤りを感じた。国から置き去りにされていると感じます」と話していました。

こうした家庭の調査や支援を行っているウィーンのNGOには、住宅が狭く、子どもが学習に集中できる環境を整えられない、親が子どもの学習をサポートできない、などの訴えも寄せられているということです。

NGOは「家庭の経済力で子どもの教育に差が出る状況が感染拡大で強まっている。政府は支援を強化すべきだ」と指摘しています。</div></section><section><h2>オーストリア 小学校などで対面授業再開</h2><div>新型コロナウイルスの感染拡大を抑えようと、先月から厳しい外出制限を行ってきたオーストリアでは、感染状況に改善がみられるとして、7日から小学校などで対面授業が再開されました。

オーストリアでは先月17日からスーパーや薬局などを除く商店の店内に客を入れての営業を禁止したほか、学校の授業も原則オンラインに切り替えるなど、厳しい外出制限を行ってきました。

その結果、新たな感染者の数が減少傾向にあるなど状況に改善がみられるとして7日、小学校や中学校などで対面授業が再開されました。

首都ウィーンでも、およそ3週間ぶりに子どもたちが登校し、小学校に通う9歳の女子児童は「自宅での授業は、とても疲れるので、学校に通えて本当に嬉しい」と話していたほか、11歳の男子中学生は、「友達や先生と会えるのが幸せです」と話していました。

感染対策として、中学校では手の消毒や、校内でのマスクの着用が義務づけられ、教師は「自宅での学習は簡単ではなく、多くの生徒は再開を喜んでいると思う。マスク着用が義務づけられ、友達と距離をとることが求められるなど、困難な部分はあるが、生徒はやってくれるだろう」と話していました。

オーストリアでは、7日から商店の通常営業も再開されましたが、レストランの店内営業や観光客を対象にしたホテルの営業は、1月6日まで禁止されるなど、規制は引き続き行われます。</div></section><section><h2>2度の外出制限でオーストリアの学校では</h2><div>オーストリアでは、この春に続いて先月から2度目の外出制限が行われ、学校での授業は原則、オンラインに切り替えられました。

ウィーン市内にある公立の学校でも、先週までは教師がパソコンを使ってオンライン授業を行っていました。

授業を受けた生徒は「オンライン授業は当初は技術面で難しかったですが、今はうまくやっています。友達と会えないのが特に残念です」と話していました。

オーストリアでは、経済的な理由などからパソコンなど、オンライン授業に必要な機器が用意できない家庭に対して、国や学校などが、寄付された機器を提供するなどの支援を行っていますが、地元メディアは、機器が子どもの手元に届くまで時間がかかり、学習に支障が出ているケースもあると指摘しています。

授業を行っていた教師は、春の外出制限時に比べてオンラインでの教材や教え方が改善したとする一方で、「各家庭によってインターネットの接続環境は異なるし、スマートフォンやプリンターなどの機器がない家庭もある。同じ時間割りの授業でも、スケジュールや課題は、個々の子どもの裁量にゆだねられている部分がある」と話していました。

小学校や中学校などでの対面授業は再開されましたが、大学などの授業は引き続きオンラインで行われます。</div></section><section><h2>経済状況厳しい家庭の子どもたちへの影響懸念</h2><div>オーストリアでは、この春と先月からの2度にわたる外出制限で学校での授業がオンラインで行われたことで、特に、経済状況が厳しい家庭の子どもたちへの影響が懸念されています。

ウィーン市内に住む、リンダ・ダミアニクさんは（49）現在、仕事を失い、国からの支援を受けながら、17歳の長男と15歳の長女を育てています。

職業教育の専門学校に通う15歳のビクトリアさんは、春の外出制限でオンライン授業が始まった当初は、自宅に授業を受けるためのパソコンがなく、家族で寄付を呼びかけて、手に入れることができたということです。

また、オンライン授業に必要な、カメラなどの機材は自分でそろえざるを得ず、費用面で大きな負担になっていると訴えています。

母のリンダさんは「学校や国にパソコンを支給してもらえないか訴えていましたが、国から届いたのはもう学期が終わるころで、憤りを感じました。国から置き去りにされていると感じます。もともと厳しい状況にありますが、新型コロナの感染拡大以降、特に大変です」と話しています。

ウィーンにある貧困問題に取り組むNGOでは、経済状況が厳しい家庭の子どもたちは国内でおよそ30万人にのぼるとみています。

こうした家庭にコロナ禍でのオンライン授業について聞き取り調査を行ったところ、必要なパソコンや通信機器などが整えられない、住宅の狭さや騒音の問題などで、子どもが学習に集中できる環境を整えられない、親が子どもたちの学習をサポートできないなど、多くの懸念の声が聞かれたということです。

こうした家庭のおよそ8割が将来への不安を訴えているほか、子どもの精神状態の悪化を懸念する声も多く、子どもの様子について、
▽以前より悲しそうに見えると答えた人が74％、
▽孤独感が増したと答えた人が57％、
▽以前よりも攻撃的になったと答えた人が53％にのぼるということです。

調査を行ったNGOのランフトラーさんは「新型コロナによって、経済格差による教育機会の不均等がより広がっていると感じる。貧しい家庭の子どものオンライン学習の支援は不十分で、2回目の外出制限で、さらにこうした訴えが聞かれるようになっている。政府は対策が必要だ」と話しています。</div></section>"
104,国際,米トランプ政権 中国全人代の幹部14人に制裁 香港の議員問題で,https://www3.nhk.or.jp/news/html/20201208/K10012751701_2012080815_2012080816_01_02.jpg,"<p>アメリカのトランプ政権は、香港の議員の資格を失わせる基準を決め、自治を損なったなどとして中国の全人代＝全国人民代表大会の常務委員会の幹部14人に対して、資産凍結などの制裁を科すと発表し、中国への圧力を一層強めています。</p><section><h2>中国 米の制裁に反発</h2><div>これについて、中国外務省の華春瑩報道官はアメリカ側の発表に先立って、7日の記者会見で「香港の事柄は中国の内政であり、いかなる国もとやかく言ったり、干渉したりする権利はない。アメリカには、中国の内政への干渉をやめるよう求める」と述べ、反発しました。

そのうえで、「アメリカが独断専行するのであれば、中国は必ず、断固、対抗措置をとる」と強調しました。</div></section>"
105,国際,仏 コロナ感染状況改善進まず 制限緩和条件満たすのは難しいか,https://www3.nhk.or.jp/news/html/20201208/K10012751681_2012080804_2012080810_01_02.jpg,<p>フランス政府は、小売店の営業を認めるなど新型コロナウイルス対策として行ってきた制限措置を段階的に緩和していて、今月半ばには外出制限も緩和することを目指しています。しかし、感染状況の改善は想定通りに進んでおらず、保健当局者は、この状況が続けば外出制限の緩和の条件を満たすのは、極めて難しいという見方を示しました。</p>
106,スポーツ,広島 森下暢仁 推定4300万円で契約更改 ルーキーで10勝,https://www3.nhk.or.jp/news/html/20201208/K10012752401_2012081538_2012081544_01_02.jpg,<p>プロ野球・広島のルーキーで今シーズン10勝をあげ防御率1点台をマークした森下暢仁投手が、いずれも推定で2700万円アップの年俸4300万円で契約を更改しました。</p>
107,スポーツ,プロ野球 ヤクルト ソフトバンク退団の内川獲得を発表,https://www3.nhk.or.jp/news/html/20201208/K10012752301_2012081426_2012081437_01_02.jpg,<p>プロ野球・ヤクルトは今シーズンかぎりでソフトバンクを退団した内川聖一選手を獲得したと発表しました。</p>
108,スポーツ,阪神 リリーフピッチャー強化で元ソフトバンク加治屋獲得,https://www3.nhk.or.jp/news/html/20201208/K10012752261_2012081406_2012081416_01_02.jpg,<p>プロ野球・阪神はリリーフピッチャーの強化を図ろうと、今シーズンかぎりでソフトバンクを退団した加治屋※蓮投手を獲得したと発表しました。</p>
109,スポーツ,横綱・鶴竜 注意決議に「自分のやることに集中するだけ」,https://www3.nhk.or.jp/news/html/20201208/K10012752141_2012081404_2012081410_01_02.jpg,<p>大相撲で相次ぐ休場のため横綱審議委員会から「注意」の決議をされた横綱・鶴竜が取材に応じ「自分のやることに集中するだけ」と話しました。</p>
110,スポーツ,IOC ベラルーシ ルカシェンコ大統領処分 五輪含む活動から除外,https://www3.nhk.or.jp/news/html/20201208/K10012752091_2012081239_2012081253_01_02.jpg,"<p>IOC＝国際オリンピック委員会は7日、旧ソビエトのベラルーシで国内オリンピック委員会の会長を務めるルカシェンコ大統領らに対し、スポーツ選手を政治的な差別から守っていないとして、IOCの活動から除外する処分を決めました。</p><section><div>その理由としてIOCのバッハ会長は、ルカシェンコ大統領らがスポーツ選手たちを政治的な差別から守っていないことを挙げ、「オリンピックムーブメントの評判に深刻な影響を与える」としています。

IOCはまた、東京大会と2022年冬の北京大会に向けた選手への支援を除いて、国内オリンピック委員会への分配金を差し止めるとしています。

この措置は来年2月の国内オリンピック委員会の総会で執行部が交代するまで適用されます。</div></section>"
111,スポーツ,サッカースペイン1部 エイバル武藤嘉紀 2試合連続ゴールならず,https://www3.nhk.or.jp/news/html/20201208/K10012751851_2012081057_2012081101_01_02.jpg,"<p>サッカーのスペイン1部リーグで7日、エイバルの武藤嘉紀選手は、ホームで行われたバレンシア戦に先発出場しましたが、2試合連続ゴールはならず、後半37分に退きました。

同じチームの乾貴士選手は後半25分までプレーしました。

試合は0対0で引き分けました。</p>"
112,スポーツ,IOC 東京オリンピック 選手村の入村期間短縮へ コロナ感染対策,https://www3.nhk.or.jp/news/html/20201208/K10012751651_2012080818_2012080820_01_02.jpg,<p>IOC＝国際オリンピック委員会は、東京オリンピックでの感染対策の一環として、選手が選手村に入る時期を競技開始の5日前からとし、競技終了後2日以内に退去する方針を示しました。</p>
113,スポーツ,大リーグ移籍目指す巨人 菅野智之 8日から球団との交渉可能に,https://www3.nhk.or.jp/news/html/20201208/K10012751641_2012080641_2012080645_01_02.jpg,"<p>プロ野球・巨人からポスティングシステムを使って大リーグ移籍を目指す菅野智之投手と大リーグの球団との交渉が、日本時間の8日から可能になることがわかりました。交渉の期限は日本時間の来月8日で、日本を代表するピッチャーの来シーズンの所属がどこになるのか、注目されます。</p><section><h2>菅野の実力 アメリカでも高く評価</h2><div>菅野投手はアメリカでもその実力が高く評価されていて、どの球団が契約するのか、注目されています。

大リーグでは現在、FA＝フリーエージェントで残っている有力な先発ピッチャーが少なく、今シーズン、サイ・ヤング賞に輝いたレッズのトレバー・バウアー投手やヤンキースの田中将大投手などの去就が注目されています。

そうした中、アメリカのメディアは、日本で数々のタイトルを獲得している菅野投手の大リーグ挑戦に注目していて、大リーグの公式ホームページでは特集が組まれています。

ここでは「菅野投手はこの8年間、日本で最も圧倒的なピッチャーの1人で、日本のトップのピッチャーに与えられる沢村賞を2回受賞している。大リーグの球団は何年も彼の調査を続けてきた」と紹介しています。

そのうえで、2017年のWBC＝ワールド・ベースボール・クラシックの準決勝で、菅野投手がアメリカを相手に6回1失点と好投したことをあげ、「過去に大リーグの強打者を抑えられることを示している」と実力を高く評価しています。

大リーグの公式チャンネルは、菅野投手がポスティングシステムを利用した場合、争奪戦になると予想し、これまでのところパドレスやジャイアンツが関心を示していると紹介しています。

ニューヨークのメディアでは、新たに投資家がオーナーとなり積極的に補強を行うと見られているメッツや、田中投手がFAとなっているヤンキースが獲得に乗り出す可能性を伝えているほか、ロサンゼルスのメディアは、大谷翔平選手が所属するエンジェルスが投手陣が手薄だとして獲得に乗り出す可能性があると伝えています。</div></section>"
114,スポーツ,パラスポーツ普及へ 選手発掘など長期戦略計画を策定へ,https://www3.nhk.or.jp/news/html/20201208/K10012751341_2012072104_2012080604_01_02.jpg,<p>来年の東京パラリンピックの終了後も、パラスポーツの普及を進めようと、JPC＝日本パラリンピック委員会は、今後10年余りの戦略計画を策定することになり、選手を発掘する専門チームの設置や、全国の75％の学校で特別なパラ教育を進めるなどの原案をまとめました。</p>
115,スポーツ,パリ五輪 “ブレイクダンス”実施へ 「野球」「空手」は外れる,https://www3.nhk.or.jp/news/html/20201208/K10012751621_2012081539_2012081545_01_02.jpg,"<p>2024年夏のパリオリンピックで、ダンススポーツの「ブレイキン」が新たに実施されることになり、東京大会で採用された「野球・ソフトボール」「空手」は正式に外れました。</p><section><div>ユースオリンピックのブレイキンで銅メダルを獲得した18歳の半井重幸選手は「率直にすごくうれしく思います。新たに大きなモチベーションにつながる目標が増えたこと、またブレイキンが好きなひとりの人間として、たくさんの方々にブレイキンを知ってもらえるすばらしい機会ができたことをとても嬉しく思います。今後の活動を通して、より多くの方々に魅力を伝えられたらと思っております」とコメントを出しました。</div></section><section><div>去年の世界選手権で優勝した21歳の湯浅亜実選手は「私にとってブレイキンは自分自身を表現するアートのようなもので、最初ブレイキンがスポーツの大会の一つになると知った時は驚きました。ブレイキンがオリンピックに採用されることで、いろんなことが変わると思いますが、私自身は今まで通り自分らしく、楽しく、目の前にあることに全力で挑んでいきたいです」とコメントしました。

日本ダンススポーツ連盟ブレイクダンス本部の石川勝之本部長は「こんなにも早く採用されると思っておらず内心、驚いている部分もあります。ブレイキンはもともと「スポーツ」ではなく「カルチャー」として長年、発展してきたもので、世界中で体制が作られておらずユースオリンピックを機に世界中のブレイキンに関わるメンバーと手を取り合い、オリンピックに採用される日に備えて体制づくりに取り組んできました。日本の選手は近年、世界大会で優勝を含む好成績を連発しており、パリオリンピックでもメダルを取れるレベルの選手がたくさんいるのでパリで男女ともに金メダルを取れるよう、しっかり強化するとともに、『カルチャー』としてのブレイキンの発展にも尽力していきたいです」とコメントしました。</div></section><section><h2>ブレイキンとは</h2><div>ブレイキンは、ヒップホップなどの軽快な音楽に合わせて交互に演技を披露し、技術や表現力、完成度などを競う新しいダンススポーツで、一般的にはブレイクダンスとして知られています。

選手が1対1で対戦する個人戦とチームを組んで対戦するチーム戦があります。
ダンスは、
▽立ったままステップを踏む「トップロック」、
▽かがんで地面に手をつき、素早い足さばきを見せる「フットワーク」、
▽背中や肩、頭など体のさまざまな部分でアクロバティックに回転する「パワームーブ」、
▽体の動きを止めてポーズをとる「フリーズ」という4つの要素からなり、演技終了後にジャッジによる採点が行われ勝敗が決まります。</div></section><section><div>「ブレイキン」は若者に人気があり、世界各地で大会が開かれてきましたが、2018年にブエノスアイレスで開かれたユースオリンピックで正式に採用され、多くの観客を集めました。そうした成功が評価され、2024年に開かれるパリオリンピックで追加競技に採用されました。

日本には、ユースオリンピックで銅メダルを獲得した18歳の半井重幸選手や去年の世界選手権で優勝した21歳の湯浅亜実選手など、男女に世界トップクラスの選手がいて、パリオリンピックでのメダル候補として期待されています。</div></section><section><h2>スポーツクライミング 計4種目に増加</h2><div>スポーツクライミングは、初めて実施される東京大会に続き、パリ大会でも追加競技として採用されました。

種目は、東京大会では、スピード、ボルダリング、リードの3つで総合成績を争う複合だけでしたが、パリ大会では、ボルダリングとリードの2つの総合成績で争う複合に変更され、スピードが単独の種目となりました。複合とスピードは、男女それぞれ行われ、スポーツクライミングは合わせて4種目に増えました。

東京オリンピック代表に内定している楢崎智亜選手は「僕にとって新しい目標ができた。パリでは両方の種目で日本代表として出場できるようさらに自分のクライミングを磨いていく。また、来年の東京大会でも初代王者となり世界中の人にこの競技にもっと興味を持ってもらえるよう精力的に活動していきたい」とコメントを発表しました。

また、日本山岳・スポーツクライミング協会の平山ユージ副会長は「選手にとってはさらなる夢の舞台に心を躍らせていると思う。この喜びをパリ大会の舞台で思う存分発揮してほしい」とコメントしています。</div></section><section><h2>スケートボード競技団体「魅力をさらに先に」</h2><div>スケートボードは、初めて実施される東京大会に続きパリ大会でも追加競技として採用されました。
種目は、東京大会と同じく男女それぞれのストリートとパークで合わせて4種目です。スケートボードの競技団体、ワールドスケートジャパンの初瀬武美会長代行は「東京大会への採用が決まってから、子どもたちだけでなく生涯スポーツとしてスケートボードを楽しむスケーターが増えている。この魅力を2024年、さらにその先に広げていく」とコメントを発表しました。</div></section><section><h2>パリ五輪で種目の変更は</h2><div>2024年夏のパリオリンピックで実施される競技は東京大会より1つ少ない32、種目は10減って329となります。

東京大会から種目の変更があった競技は陸上、射撃、カヌー、ウエイトリフティング、ボクシング、セーリング、それにスポーツクライミングの7競技です。

このうち、ウエイトリフティングでは男女それぞれ2種目の合わせて4種目が削減され、ボクシングでは男女の種目数を同数にするため男子が1種目減って女子が1種目増えます。いずれの競技も体重別に階級が設定されますが、新しい階級は来年末までに設定される見通しです。

この2つの競技については、国際競技団体の組織運営の不備や相次ぐドーピングなどが指摘されていることを受け、選手数が東京大会よりも大幅に減らされることになりました。

このほか、陸上では、男子50キロ競歩がなくなり、代わりにトラックまたは競歩の混合種目が1種目追加されます。

カヌーでは、スラロームで新たに男女のエクストリームスラロームが追加された一方で、スプリントのカヤック200メートルが男女とも廃止されました。

セーリングでは男女別で行われてきた2人乗りの470級が混合の1種目に変更されるほか、ウインドサーフィンのRSX級は艇の形状が異なるiQFoil級に変更されます。また、フィン級が廃止され、混合種目が2つ増えます。

射撃では東京大会で新設された混合トラップが、パリ大会では混合スキートに変更されました。

このほか、追加競技として承認されたスポーツクライミングは東京大会ではスピード、ボルダリング、リードの3つで総合成績を争う複合の1種目だけでしたが、パリ大会では、複合がボルダリングとリードの2つの総合成績で争う方式に変更され、新たにスピードが単独の種目となりました。

全体を通して男女混合の種目が東京大会から4つ増え、22種目となり、大会史上初めて、参加する男女の選手が初めて同数となります。</div></section>"
116,スポーツ,サッカーACL ヴィッセル神戸が準々決勝へ 横浜F・マリノス敗退,https://www3.nhk.or.jp/news/html/20201207/K10012751491_2012072156_2012072311_01_02.jpg,<p>サッカーのクラブチーム、アジアナンバーワンを争うACL＝アジアチャンピオンズリーグは7日、カタールで東地区の決勝トーナメント1回戦が行われ、ヴィッセル神戸は勝ちましたが、横浜F・マリノスは敗れました。</p>
117,スポーツ,巨人 DeNAからFA宣言の梶谷隆幸と初めて交渉,https://www3.nhk.or.jp/news/html/20201207/K10012751471_2012072125_2012072218_01_02.jpg,<p>プロ野球・巨人は、DeNAから国内に限ったFA＝フリーエージェントを宣言した梶谷隆幸選手と初めて交渉しました。</p>
118,スポーツ,現役最年長 43歳の福留孝介 中日が獲得に乗り出す,https://www3.nhk.or.jp/news/html/20201207/K10012751511_2012072144_2012072214_01_02.jpg,<p>プロ野球・中日は、阪神を自由契約となった現役最年長の43歳、福留孝介選手の獲得に乗り出すことになりました。</p>
119,スポーツ,史上初の3球団で最多勝 楽天 涌井が1億6000万円で契約更改,https://www3.nhk.or.jp/news/html/20201207/K10012751261_2012072048_2012072211_01_02.jpg,<p>プロ野球で史上初となる3球団での最多勝に輝いた楽天の涌井秀章投手が、いずれも推定で3500万円アップの年俸1億6000万円で契約を更改しました。</p>
120,スポーツ,空手 喜友名諒 初の9連覇へ意気込み語る 13日に全日本選手権,https://www3.nhk.or.jp/news/html/20201207/K10012750851_2012071801_2012071911_01_02.jpg,<p>12月13日に行われる空手の全日本選手権を前に男子形で大会史上初の9連覇を目指す喜友名諒選手が「コロナ禍ではあるが、つけてきた力を思い切りぶつけて優勝したい」と意気込みを話しました。</p><section><div>一方、女子形で8連覇を目指す清水選手は、7日が27歳の誕生日で、「あっという間に27歳になった感覚だ。来年のオリンピックまでできることをやって悔いなく過ごしていきたい。ここまで取り組んできたスピードと力強さを試合でどこまで表現できるかがオリンピックにつながると思う」と話していました。</div></section><section><h2>女子組手 宮原美穂「スピード生かしたしつこい組手をしたい」</h2><div>女子組手に出場する宮原美穂選手は、「新型コロナウイルスの影響で大会がなかったので今までの自分の試合を振り返ったり、スピードをつけるために走り込みやトレーニングの量を増やしたりした。ただ、試合と稽古は違う。試合勘がなくなっているかもしれないのでそこは不安だ。スピードを生かしたしつこい組手をしたい」と話していました。</div></section>
121,スポーツ,ヤクルト村上 推定1億円で契約更改 高校から入団4年目で大台に,https://www3.nhk.or.jp/news/html/20201207/K10012751071_2012071853_2012071902_01_02.jpg,"<p>プロ野球、ヤクルトで今シーズン、全試合で4番を務めた20歳の村上宗隆選手が、今シーズンの2倍以上となる推定年俸1億円で契約を更改しました。</p><section><div>村上選手は3年目の今シーズン、全試合に4番で先発し、ともにリーグ2位のホームラン28本、86打点、打率はリーグ5位の3割7厘をマークしました。そして、出塁率4割2分7厘で、最高出塁率のタイトルを初めて獲得しました。

村上選手は7日、東京都内の球団事務所で契約更改の交渉を行い、推定で今シーズンの4500万円から2倍以上のアップとなる1億円で契約を更改し、高校から入団して4年目の年俸で早くも大台に到達しました。

村上選手は会見で「すごくいい評価をしていただいた。僕からもチームを引っ張りたいという気持ちや、4番としての自覚も芽生えてきたという話をさせてもらった。より一層気を引き締めて来年またやってやるぞという強い気持ちになった」と力強く話しました。

来シーズンの目標については「3割30本100打点を最低ラインにして、よりいい成績を残したい。4番としてチームの勝ちに貢献したい」と語り、来年夏の東京オリンピックに向けても「日本を代表してプレーしたいという気持ちはより一層強くなったし、そこに向けて頑張りたいという気持ちもすごくある」と意欲を見せていました。</div></section>"
122,スポーツ,ホームラン王 楽天 浅村が契約更改 推定年俸5億円に出来高払い,https://www3.nhk.or.jp/news/html/20201207/K10012750941_2012071818_2012071848_01_02.jpg,<p>プロ野球、パ・リーグで、今シーズンホームラン王に輝いた楽天の浅村栄斗選手が、現状維持となる推定年俸5億円に出来高払いで、4年契約の3年目となる契約を更改しました。</p>
123,スポーツ,プロ野球 トライアウト 48歳の新庄剛志さんら56人参加,https://www3.nhk.or.jp/news/html/20201207/K10012750581_2012071706_2012071730_01_02.jpg,"<p>プロ野球で戦力外になった選手などが新たな所属先を求めてアピールする12球団合同のトライアウトが都内で行われ、プロ野球や大リーグで活躍し現役復帰を目指す、48歳の新庄剛志さんをはじめ56人が参加しました。</p><section><div>12球団合同のトライアウトは、戦力外を通告された選手などが新たな所属先を求めて各球団の編成担当者にアピールする場で、ことしは56人が参加して神宮球場で行われました。

このうち阪神や日本ハムそれに大リーグで活躍し14年前に34歳で現役を引退した新庄さんは、去年11月から現役復帰を目指してトレーニングを積み、7日は日本ハムのユニフォームを着てグラウンドでプレーしました。

そして1打席目はセカンドゴロ、2打席目はフォアボール、3打席目もセカンドゴロでしたが、4打席目では126キロの変化球を捉えてレフト前にヒットを打ちました。

またファーストやセンターの守備に就きましたが、打球は飛んで来ませんでした。

新庄さんは「今までにない感情で体が熱くなった。48歳でこの舞台に立つまでに努力をしてきたものを見てもらい、少しは勇気を与えられたと思う。オファーが来なかったら野球は終わり」と話していました。

また入団3年目に当時、日本選手最速となる161キロをマークした元楽天の31歳、由規投手は3人のバッターと対戦し、1人目に148キロの速球をホームランを打たれ、2人目にはデッドボールを与えましたが、3人目からは変化球で見逃しの三振を奪いました。

このほか、おととし東大出身として51年ぶりに1軍で先発登板した元日本ハムの宮台康平投手は、三者連続三振を奪ってアピールしました。

参加した選手は今後、興味を持った球団から獲得のオファーや入団テスト受験の連絡を待つことになります。</div></section>"
124,スポーツ,楽天 来春キャンプは沖縄本島で 久米島開催見送る コロナ対策,https://www3.nhk.or.jp/news/html/20201207/K10012750471_2012071633_2012071654_01_02.jpg,<p>プロ野球、楽天は来年春のキャンプについて、新型コロナウイルス対策のため、球団創設時からキャンプ地としてきた沖縄 久米島での開催を見送り、沖縄本島で行うと発表しました。</p>
125,スポーツ,広島 来春キャンプ 期間中 移動せず 1軍は沖縄だけ コロナ対策,https://www3.nhk.or.jp/news/html/20201207/K10012750371_2012071628_2012071644_01_02.jpg,<p>プロ野球・広島は来年春のキャンプの日程を発表し、新型コロナウイルスの感染防止のため期間中の移動を行わず、1軍は沖縄県沖縄市で、2軍は宮崎県日南市でそれぞれ1か月間、キャンプを行うことになりました。</p>
126,暮らし,東京都 新車の乗用車「2030年までに脱ガソリン車」方針固める,https://www.nhk.or.jp/common/sns/img/help.png,<p>世界的に「脱ガソリン車」の動きが広がる中、東京都は、都内で販売される新車について乗用車は2030年までに、二輪車は2035年までにガソリンエンジンだけの車をなくし、すべてを電気自動車や燃料電池車などにする目標を打ち出す方針を固めました。</p>
127,暮らし,10月の消費支出 前年同月比＋1.9％ 1年1か月ぶり上昇,https://www3.nhk.or.jp/news/html/20201208/K10012751721_2012081026_2012081029_01_02.jpg,<p>ことし10月に2人以上の世帯が消費に使った金額は、前の年の同じ月より1.9％増えて、1年1か月ぶりに前の年を上回りました。総務省は、去年の10月に消費税率が引き上げられ、支出が落ち込んだことの反動の影響が大きく、新型コロナウイルスの感染が再び広がる中、今後の動向を注視したいとしています。</p>
128,暮らし,縁起よい名のバス停 特別なデザインで受験生応援 大分,https://www.nhk.or.jp/common/sns/img/help.png,"<p>受験シーズンを前に大分市では、バス会社が「乗越」や「皆春」など縁起のいい名前のバス停の標識を特別なデザインに変え、受験生を応援しています。</p><section><div>大分市の大分バスは、「勝負」と「乗越」、それに「皆春」の3つのバス停を、「勝負を乗り越え、みんなに春を」という縁起のよさにあやかり、毎年、この時期に特別なデザインに変えています。

7日、社員が作業を行って、「皆春」のバス停の標識はピンク色の桜の花びらがちりばめられました。</div></section><section><div>また、「勝負」と「乗越」の標識には、「必勝祈願」の赤い文字が入り、来年3月までこの特別なデザインになります。

通りかかった20代の女性は「ことしは、新型コロナウイルスの感染が拡大しているので健康を願う受験生にはとても御利益がありそうですね」と話していました。

大分バスの安部益夫経営管理課長は「受験生だけではなくスポーツで勝ちたい人なども応援したい」と話しています。</div></section>"
129,暮らし,赤い色の灯台 マスクをつけたサンタクロース姿でお目見え 福岡,https://www.nhk.or.jp/common/sns/img/help.png,"<p>クリスマスに向けて、福岡市では赤い色の灯台がサンタクロースの姿になってお目見えしました。マスクを着用し、新型コロナウイルス対策を呼びかけています。</p><section><div>福岡市の博多港の沖合の防波堤にある高さ19メートルの灯台は、赤い外観が特徴で、毎年、海上保安部の職員たちが手作りのひげや目をつけ、サンタクロースの姿にするのが冬の風物詩となっています。

平成17年の福岡県西方沖地震のあと、まちを元気づけようと始まったもので、ことしは感染防止対策を呼びかけようと、博多織の生地で作られた赤と緑のマスクをつけています。</div></section><section><div>向かいにある高さ10メートルの白い灯台は雪だるま姿になり、コロナ禍でのつながりを大切にしようとおなかには「絆」という文字があしらわれました。

福岡海上保安部の毛利直樹交通課長は「船が事故を起こさないことに加え、ことしはコロナ終息を願って感染防止対策も呼びかけている。一般のかたも灯台を見て楽しんでほしい」と話していました。

サンタクロースと雪だるまの灯台は今月25日のクリスマスまで博多港の船の出入りを見守ります。</div></section>"
130,暮らし,山形 寒河江 小学生が特産のさくらんぼ栽培を学ぶ,https://www3.nhk.or.jp/news/html/20201208/K10012751481_2012072236_2012080738_01_02.jpg,"<p>山形県寒河江市の小学校では、子どもたちが特産のさくらんぼの栽培について教わる出前授業が行われました。</p><section><div>7日、山形県の寒河江市立三泉小学校で行われた出前授業には、3年生の11人が参加し、さくらんぼを栽培している農家の土田一誠さん（31）と土田真澄さん（28）が講師を務めました。

寒河江市の品評会で、ことし特選に選ばれたさくらんぼの「紅秀峰」が東京の卸売市場で1箱50万円で落札されたと説明すると、子どもたちからは驚きの声が上がっていました。

また、農薬散布にドローンを使っていることなどを動画を見せながら説明し、子どもたちは興味深そうに聞いていました。

男子児童は「農業で使われているドローンを初めて見ました。おもしろかったです」と話していました。

土田真澄さんは「聞いたことのない用語や農機具に興味津々で聞いてくれました。大人になってから農業もやってみたいと思ってもらえたら」と話していました。</div></section>"
131,暮らし,双子レッサーパンダ 名前は「アケビ」と「グミ」 仙台の動物園,https://www.nhk.or.jp/common/sns/img/help.png,<p>仙台市の動物園で生まれた双子のレッサーパンダの赤ちゃんが、公募の結果、「アケビ」と「グミ」に決まりました。</p>
132,暮らし,鳥取市 ふるさと納税 過去最高ペース 帰省できない人寄付か,https://www3.nhk.or.jp/news/html/20201207/K10012750111_2012071439_2012071444_01_02.jpg,"<p>鳥取市に寄付されたふるさと納税の額は、去年の同じ時期と比べて3割ほど増え、このままのペースが続けば過去最高となる見通しです。市は「新型コロナウイルスの影響で帰省できない人を中心に、寄付額が増加しているのではないか」としています。</p><section><h2>ズワイガニ高騰 返礼品での利益 ほとんど出ず</h2><div>ふるさと納税の返礼品のズワイガニを発送している鳥取市の水産物直売所では、注文が増える一方、カニの価格上昇で仕入れが難しくなり、返礼品での利益はほとんど出なくなっていて、対応に苦慮しています。

鳥取県によりますと、ズワイガニは「Go Toトラベル」で飲食店や旅館からの引き合いが高まっていることなどから価格が上昇していて、地元のブランド「松葉がに」の1キロ当たりの価格は11月末の時点で去年の同じ時期と比べ3割高くなっているということです。

その一方、ふるさと納税の返礼品は寄付金額の3割以内という基準が設けられていることから、ズワイガニの価格上昇に伴ってこの水産物販売所では、決められた金額の中で質の高いカニを仕入れることが難しくなっているということです。

ふるさと納税の返礼品のズワイガニを発送している鳥取市の水産物販売所「かねまさ・浜下商店」の浜下哲爾社長は「Go Toトラベルの影響で、大きさによっては去年の倍の価格でカニが取り引きされています。そのためふるさと納税の返礼品ではほとんど利益が出ていません。本音ではこれ以上注文の数は増えないでほしいです」と話しています。</div></section>"
133,暮らし,関東の観光地の週末の人出 前の週末より増えた場所も,https://www3.nhk.or.jp/news/html/20201207/K10012750021_2012071343_2012071402_01_02.jpg,<p>政府が「勝負の3週間」として新型コロナウイルスの感染拡大の対策を呼びかけて2週目の土日、関東各地の人出はどうなったのか。携帯電話のデータで分析すると、東京近郊の観光地で先週に比べて人出が増えた場所があることがわかりました。</p>
134,暮らし,「星空保護区」に認定 東京 神津島村,https://www.nhk.or.jp/common/sns/img/help.png,<p>美しい夜空を守る取り組みを国際的な団体が評価する「星空保護区」に東京・伊豆諸島の神津島村が認定されました。</p>
135,暮らし,長野市 台風19号の被災地でイルミネーション,https://www3.nhk.or.jp/news/html/20201207/K10012749571_2012070527_2012070531_01_02.jpg,<p>去年の台風19号の豪雨災害で被災した長野市の住宅街に明かりをともそうと、街路樹のイルミネーションが始まりました。</p>
136,暮らし,豊作祈り笑いあう「笑い講」 コロナ禍で声量抑えて実施 山口,https://www.nhk.or.jp/common/sns/img/help.png,"<p>大声で笑いあうことで収穫に感謝するとともに1年の苦労を忘れようという神事「笑い講」が、新型コロナウイルスの感染防止対策をとりながら山口県防府市で行われました。</p><section><div>笑いのうち、最初の笑いは1年の収穫への感謝や喜び、2回目の笑いは来年の豊作への祈り、最後の笑いはことしの苦しみや悲しみを忘れようという意味が込められています。

ことしは3回笑ったあとにさらに掛け声が掛けられて、参加者のほか観覧で訪れた人たちも含め、最後に全員で3回笑いました。

神事を仕切る吉武光儀さんは「開催できてよかったです。来年は、例年通りにみんなでにぎやかに開催したいです」と話していました。</div></section>"
137,暮らし,3日間の逃走の末… 福岡 天神のサル ようやく捕獲,https://www3.nhk.or.jp/news/html/20201205/K10012748001_2012051708_2012051712_01_02.jpg,"<p>今月3日、福岡市の繁華街・天神でサルが姿を見せたあと市役所の地下駐車場に逃げ込み、3日目の5日昼ごろになってようやく捕獲されました。</p><section><div>5日は市の職員が午前9時に作業を始め、午前10時ごろからは消防も合流し、およそ40人の体制でサルを追いました。

そして正午ごろ、市の職員が網で捕獲しました。

福岡市によりますと、サルは体長が50センチほどで4歳から5歳くらいのオスのニホンザルとみられ、けがはなく元気な様子で、郊外の山に放したということです。</div></section><section><h2>「子どもが小さいので…」 市民からは安どの声</h2><div>サルが捕獲され、週末の福岡市天神では安どする声が聞かれました。

10代女性は「知り合いから聞いていたが、どこから天神に来たのかと思いました。街の中で誰かが襲われないか心配だったので、よかったと思います」と話していました。

40代男性は、「子どもが小さいので安心しました。市の方も必死で逃げるサルを捕まえるのは大変だった思います」と話していました。</div></section>"
138,暮らし,回転ずしやハンバーガーチェーン 都心の駅近くに出店の動き,https://www3.nhk.or.jp/news/html/20201205/K10012747761_2012051448_2012051455_01_02.jpg,"<p>新型コロナウイルスの影響が続く中でも、売り上げが堅調な回転ずしやハンバーガーチェーンの中には都心の駅の近くなどへの出店を増やし、新たな客層の開拓や持ち帰りの需要を取り込もうという動きが出ています。</p><section><div>回転ずしチェーン大手のくら寿司は、東京の渋谷や新宿などで来年10月までに新たに6店舗を出店する計画です。

これまでは郊外の幹線道路沿いに店舗を展開していましたが、新型コロナウイルスの影響で都心で居酒屋などの撤退が相次ぐ中、空き店舗を利用して都心への出店を増やし、会社員などの客層を開拓するねらいです。</div></section><section><div>田中信副社長は「これまでは家賃や物流コストが高く出店できなかった場所へもさらに出店したい」と話しています。

日本フードサービス協会によりますと、外食業界のことし10月の売り上げは去年の同じ月と比べて5.7％減少していますが、回転ずしやハンバーガーチェーンなどのファストフードの業態は1.8％伸びていて比較的堅調です。

外食業界では回転ずしのスシローも、駅の構内などに持ち帰り専門の小型店の出店を計画しているほか、モスバーガーやファミリーレストランのデニーズも東京 新宿に持ち帰りの専門店を設けていて、都市部への出店を強化する動きが出ています。</div></section>"
139,暮らし,長さ1メートルのにんじん ご存じですか？ 群馬 高崎,https://www.nhk.or.jp/common/sns/img/help.png,"<p>長さが1メートルもある群馬県高崎市の特産品「国分にんじん」の収穫を体験する催しが開かれました。</p><section><div>「国分にんじん」は高崎市の国府地区で栽培されている特産のにんじんで葉っぱから先端までの長さが1メートル、食べられる部分はおよそ60センチほどにもなり、甘さと柔らかい食感が特徴です。

地域の特産品を地元の人たちにも知ってもらおうと、5日、収穫体験が行われ、およそ40人が参加しました。

国分にんじんは昭和30年ごろはおよそ300軒の農家が栽培していたということですが、冷蔵庫の普及で短い品種のにんじんが人気となり、現在栽培しているのは4軒だということです。</div></section><section><div>参加した人たちは農家の指導を受けながら、途中で折れないように1本1本丁寧に抜き取り、およそ2時間で3000本ほどを収穫しました。

母親と一緒に参加した6歳の男の子は「こんなに長いとは思いませんでした。楽しかったです」と話していました。

家族で参加した40代女性は「子どもたちと一緒に貴重な農業体験ができてよかったです。きんぴらなどにして食べたいです」と話していました。</div></section>"
140,暮らし,「ありがとう！シャンシャン」返還前にお別れイベント,https://www3.nhk.or.jp/news/html/20201204/K10012746161_2012041543_2012041642_01_02.jpg,<p>3年前に東京 上野動物園で誕生し、愛らしい姿で人気を集めているジャイアントパンダ「シャンシャン」が、中国に返還されるのを前に、地元ではお別れのイベントが開かれています。</p>
141,暮らし,「日本酒マルシェ」 震災被災者とコロナ影響の酒蔵を支援 仙台,https://www3.nhk.or.jp/news/html/20201204/K10012745731_2012041313_2012041322_01_02.jpg,"<p>東日本大震災の被災者と新型コロナウイルスの影響で売り上げが落ち込む酒蔵を支援しようと東北6県の日本酒を集めた販売会「日本酒マルシェ」が仙台市で始まりました。</p><section><div>このうち、福島県会津若松市の酒蔵「末廣」の「山廃純米吟醸」は、上品な味わいが特徴で、去年のG20大阪サミットで各国の首脳にふるまわれました。</div></section><section><div>また、宮城県大崎市の一ノ蔵の「特別純米原酒」は、売り上げの全額が被災した子どもたちに寄付されるということです。

主催者は、新型コロナウイルスの影響で日本酒の売り上げが大幅に落ち込んでいるため、今回の販売会を通して酒蔵の支援につなげたいとしています。

主催した井上康平さんは「居酒屋に卸す日本酒の量が大幅に減って、新しい販路を見つけたいという声が酒蔵から上がっている。味を楽しんでもらい、支援につなげてほしい」と話していました。

この販売会は、今月25日まで仙台市青葉区一番町の商業施設「仙台フォーラス」で行われます。</div></section>"
142,暮らし,都民の都内旅行 高齢者などのキャンセル料は無料 東京都,https://www3.nhk.or.jp/news/html/20201204/K10012745141_2012040021_2012040517_01_02.jpg,"<p>東京都民の都内への旅行に都が独自に補助する事業は、「Go Toトラベル」と同じく、65歳以上の高齢者などに自粛を要請していることから、都は、要請に応じて旅行を取りやめる人のキャンセル料を無料にします。</p><section><div>東京都は、都民の都内での旅行を対象に1人当たり、1泊5000円、日帰りでは2500円を補助していますが、「Go Toトラベル」と同じく、65歳以上の高齢者と基礎疾患のある人は、12月17日まで自粛するよう要請しています。

これについて、都は、要請に応じた人からのキャンセルを受けた事業者に対して、宿泊では5000円、日帰りでは2500円を上限に、旅行代金の35％を負担します。

これによって、旅行を取りやめる高齢者などのキャンセル料は無料となります。

また、旅行に同行する予定だった都民も同じく無料となります。</div></section>"
143,暮らし,75歳以上 医療費2割負担 対象の年収めぐり調整急ぐ 政府・与党,https://www.nhk.or.jp/common/sns/img/help.png,"<p>75歳以上の医療費の窓口負担を2割に引き上げる方針をめぐって政府は、対象を年収170万円以上の人にしたい考えですが、公明党は、240万円以上とするよう求めています。政府は、4日中に決着させたい考えで、政府・与党は調整を急ぐことにしています。</p><section><div>75歳以上の後期高齢者の病院などでの窓口負担をめぐって政府は、現役世代の負担上昇を抑えるため、一定の所得以上の人を対象に、2022年度から、今の原則1割から2割に引き上げる方針です。

田村厚生労働大臣は3日、引き上げる対象を、年収170万円以上の人にしたいという考えを自民党に伝えました。

しかし、公明党は、政府の案では、負担を求める範囲が広すぎるため絞り込むべきだとして、年収240万円以上とするよう求めました。

また、引き上げの時期については、2022年の10月以降にすべきだとしています。

ただ、政府内からは、「若い世代の将来の負担を減らすことが重要で、公明党の要求をそのまま受け入れるのは難しい」という意見も出ています。

政府は、今夜開く予定の全世代型社会保障検討会議までには、決着させたい考えで、自民・公明両党との調整を急ぐことにしています。</div></section>"
144,暮らし,冬の味覚「棒だら」作りが最盛期迎える 北海道 稚内,https://www3.nhk.or.jp/news/html/20201204/K10012744971_2012032043_2012040428_01_02.jpg,"<p>冬の味覚でマダラを乾燥させた保存食「棒だら」の生産が北海道稚内市で最盛期を迎えています。</p><section><div>「棒だら」は、マダラを乾燥させた伝統の保存食で、稚内市で盛んに生産されています。

今はその最盛期を迎えていて、稚内市の水産加工会社では12月2日も道内で水揚げされたマダラが次々に運び込まれ、従業員たちが身の部分だけ残すように手際よくさばいていきました。

そして、倉庫で木の棒につるして乾燥させていました。

棒だらは、1か月ほど室内で乾燥させたあと、屋外に移し、冷たく強い潮風にさらしてうまみを引き出すということです。

棒だらは、料亭などで使われる高級食材として関西地方を中心に出荷され、おせち料理や京都の郷土料理に使われます。</div></section><section><div>水産加工会社「丸北北海組」の北崎祐一工場長は「ことしも鮮度がいいマダラで棒だらを作っています。正月に向けて一生懸命作っていきたい」と話していました。

稚内市の棒だら作りは来年の春まで続きます。</div></section>"
145,暮らし,NTTドコモの値下げ「低容量の利用者も納得感ある料金を」社長,https://www.nhk.or.jp/common/sns/img/help.png,<p>NTTドコモの井伊基之社長は、NHKのインタビューに対し、今月中に公表するとしている料金の値下げについて、データの使用量が少ない利用者も含めて、納得感のある料金を目指す考えを強調しました。</p>
